scene_id,method,matching_tolerance_m,samples_per_face,object_id,target_status,area_iou,precision,recall,false_positive_ratio,false_negative_ratio,scorable_target_area_m2,true_positive_area_m2,false_positive_area_m2,false_negative_area_m2,unresolved_target_area_m2,mesh_area_m2,scorable_area_m2,unscorable_area_m2,scorable_fraction,ambiguous_area_m2,distance_rejected_area_m2
dev-contact-chair,b0,0.04,7,contact-chair,evaluated,0.7782031672606309,1.0,0.7782031672606309,0.0,0.2217968327393692,1.0881523715684662,0.8468036220167473,0,0.24134874955171903,0,58.08253989046922,57.821126843759764,0.26141304670945686,0.9954992834817068,0.019174530815214853,0.24223851589423537
dev-contact-chair,b0,0.04,7,contact-table,evaluated,0.8490511056749609,1.0,0.8490511056749609,0.0,0.15094889432503905,2.4995433269037943,2.122240025390137,0,0.3773033015136574,0,58.08253989046922,57.821126843759764,0.26141304670945686,0.9954992834817068,0.019174530815214853,0.24223851589423537
dev-contact-chair,b0,0.04,7,contact-shelf,evaluated,0.9301205932954587,1.0,0.9301205932954587,0.0,0.06987940670454126,3.3902759708124037,3.1533654974073704,0,0.2369104734050334,0,58.08253989046922,57.821126843759764,0.26141304670945686,0.9954992834817068,0.019174530815214853,0.24223851589423537
dev-contact-chair,b0,0.04,49,contact-chair,evaluated,0.7779238415813259,1.0,0.7779238415813259,0.0,0.22207615841867417,1.087420614085335,0.8459304215239883,0,0.24149019256134682,0,58.08253989046922,57.81679545810558,0.26574443236363976,0.9954247105435683,0.020117722299514133,0.24562671006414905
dev-contact-chair,b0,0.04,49,contact-table,evaluated,0.8488097687826419,0.9999984318175535,0.8488108986269074,1.3310924389636484e-06,0.15118910137309272,2.5003853798203473,2.12235436115889,3.328244073574114e-06,0.37803101866145744,0,58.08253989046922,57.81679545810558,0.26574443236363976,0.9954247105435683,0.020117722299514133,0.24562671006414905
dev-contact-chair,b0,0.04,49,contact-shelf,evaluated,0.9310027147843186,1.0,0.9310027147843186,0.0,0.06899728521568137,3.385536646060727,3.1519438084843334,0,0.23359283757639326,0,58.08253989046922,57.81679545810558,0.26574443236363976,0.9954247105435683,0.020117722299514133,0.24562671006414905
dev-contact-chair,b0,0.08,7,contact-chair,evaluated,0.7800145199012418,1.0,0.7800145199012418,0.0,0.2199854800987581,1.1057763429477072,0.8625216032625068,0,0.24325473968520034,0,58.08253989046922,58.06225400861744,0.020285881851783927,0.9996507404481616,0.01968375584743665,0.000602126004352557
dev-contact-chair,b0,0.08,7,contact-table,evaluated,0.8473890636306195,1.0,0.8473890636306195,0.0,0.1526109363693804,2.514012856357795,2.130347000304371,0,0.3836658560534237,0,58.08253989046922,58.06225400861744,0.020285881851783927,0.9996507404481616,0.01968375584743665,0.000602126004352557
dev-contact-chair,b0,0.08,7,contact-shelf,evaluated,0.9053112201932293,1.0,0.9053112201932293,0.0,0.0946887798067706,3.599309634836823,3.258495397367371,0,0.34081423746945183,0,58.08253989046922,58.06225400861744,0.020285881851783927,0.9996507404481616,0.01968375584743665,0.000602126004352557
dev-contact-chair,b0,0.08,49,contact-chair,evaluated,0.7800463350970885,1.0,0.7800463350970885,0.0,0.2199536649029115,1.105731242433427,0.862521603262545,0,0.24320963917088195,0,58.08253989046922,58.06140690705813,0.02113298341109271,0.9996361560040083,0.020547552262120527,0.0005854311490009617
dev-contact-chair,b0,0.08,49,contact-table,evaluated,0.8471806223078465,0.999998437696172,0.8471817435999849,1.3235573487407426e-06,0.1528182564000151,2.5146202215874274,2.130340343816217,3.328244073574114e-06,0.38427987777121025,0,58.08253989046922,58.06140690705813,0.02113298341109271,0.9996361560040083,0.020547552262120527,0.0005854311490009617
dev-contact-chair,b0,0.08,49,contact-shelf,evaluated,0.9057407771542499,1.0,0.9057407771542499,0.0,0.09425922284575006,3.5976026248981112,3.2584953973673847,0,0.3391072275307264,0,58.08253989046922,58.06140690705813,0.02113298341109271,0.9996361560040083,0.020547552262120527,0.0005854311490009617
dev-contact-chair,b0,0.12,7,contact-chair,evaluated,0.7800145199012418,1.0,0.7800145199012418,0.0,0.2199854800987581,1.1057763429477072,0.8625216032625068,0,0.24325473968520034,0,58.08253989046922,58.06285613462179,0.019683755847431428,0.9996611071780857,0.01968375584743665,0.0
dev-contact-chair,b0,0.12,7,contact-table,evaluated,0.8473890636306195,1.0,0.8473890636306195,0.0,0.1526109363693804,2.514012856357795,2.130347000304371,0,0.3836658560534237,0,58.08253989046922,58.06285613462179,0.019683755847431428,0.9996611071780857,0.01968375584743665,0.0
dev-contact-chair,b0,0.12,7,contact-shelf,evaluated,0.9051597966406745,1.0,0.9051597966406745,0.0,0.09484020335932543,3.5999117608411755,3.258495397367371,0,0.3414163634738044,0,58.08253989046922,58.06285613462179,0.019683755847431428,0.9996611071780857,0.01968375584743665,0.0
dev-contact-chair,b0,0.12,49,contact-chair,evaluated,0.7800463350970885,1.0,0.7800463350970885,0.0,0.2199536649029115,1.105731242433427,0.862521603262545,0,0.24320963917088195,0,58.08253989046922,58.061992338207126,0.02054755226209437,0.9996462353006456,0.020547552262120527,0.0
dev-contact-chair,b0,0.12,49,contact-table,evaluated,0.8471806223078465,0.999998437696172,0.8471817435999849,1.3235573487407426e-06,0.1528182564000151,2.5146202215874274,2.130340343816217,3.328244073574114e-06,0.38427987777121025,0,58.08253989046922,58.061992338207126,0.02054755226209437,0.9996462353006456,0.020547552262120527,0.0
dev-contact-chair,b0,0.12,49,contact-shelf,evaluated,0.9055934116314904,1.0,0.9055934116314904,0.0,0.09440658836850958,3.5981880560471122,3.2584953973673847,0,0.3396926586797274,0,58.08253989046922,58.061992338207126,0.02054755226209437,0.9996462353006456,0.020547552262120527,0.0
dev-contact-chair,b1,0.04,7,contact-chair,evaluated,0.8252513147545646,1.0,0.8252513147545646,0.0,0.1747486852454354,1.088152371568463,0.8979991752901715,0,0.1901531962782914,0.1828027111378334,58.08253989046922,57.821126843759764,0.26141304670945686,0.9954992834817068,0.019174530815214853,0.24223851589423537
dev-contact-chair,b1,0.04,7,contact-table,evaluated,0.8722591863714293,0.9994202643848777,0.8727007494283462,0.0005062291848753689,0.12729925057165387,2.499543326903787,2.181353334617557,0.001265341780939172,0.3181899922862305,0.3101616741130142,58.08253989046922,57.821126843759764,0.26141304670945686,0.9954992834817068,0.019174530815214853,0.24223851589423537
dev-contact-chair,b1,0.04,7,contact-shelf,evaluated,0.979962336709478,1.0,0.979962336709478,0.0,0.020037663290521934,3.390275970812407,3.3223427624473203,0,0.06793320836508637,0,58.08253989046922,57.821126843759764,0.26141304670945686,0.9954992834817068,0.019174530815214853,0.24223851589423537
dev-contact-chair,b1,0.04,49,contact-chair,evaluated,0.8249825345577092,1.0,0.8249825345577092,0.0,0.17501746544229085,1.087420614085345,0.8971030143384285,0,0.1903175997469166,0.18302681818223043,58.08253989046922,57.81679545810558,0.26574443236363976,0.9954247105435683,0.020117722299514133,0.24562671006414905
dev-contact-chair,b1,0.04,49,contact-table,evaluated,0.8719019793774193,0.9993480164625786,0.8723982314289989,0.0005691603681573862,0.12760176857100106,2.5003853798203415,2.1813317832461916,0.0014231202633138915,0.3190535965741498,0.31113602312811134,58.08253989046922,57.81679545810558,0.26574443236363976,0.9954247105435683,0.020117722299514133,0.24562671006414905
dev-contact-chair,b1,0.04,49,contact-shelf,evaluated,0.9808125922106105,0.9999745568219374,0.9808370696120977,2.49562471787707e-05,0.019162930387902274,3.385536646060725,3.3206598429865712,8.449028937187779e-05,0.06487680307415382,0,58.08253989046922,57.81679545810558,0.26574443236363976,0.9954247105435683,0.020117722299514133,0.24562671006414905
dev-contact-chair,b1,0.08,7,contact-chair,evaluated,0.8263128094241967,1.0,0.8263128094241967,0.0,0.17368719057580329,1.105776342947704,0.9137171565359314,0,0.1920591864117727,0.1847087012713147,58.08253989046922,58.06225400861744,0.020285881851783927,0.9996507404481616,0.01968375584743665,0.000602126004352557
dev-contact-chair,b1,0.08,7,contact-table,evaluated,0.8704877964132378,0.9994224252151924,0.8709259264632946,0.0005033155569348813,0.12907407353670547,2.5140128563577884,2.1895189760640403,0.001265341780939172,0.32449388029374815,0.31646556212053184,58.08253989046922,58.06225400861744,0.020285881851783927,0.9996507404481616,0.01968375584743665,0.000602126004352557
dev-contact-chair,b1,0.08,7,contact-shelf,evaluated,0.9522583523333648,1.0,0.9522583523333648,0.0,0.04774164766663519,3.599309634836825,3.42747266240732,0,0.17183697242950507,0,58.08253989046922,58.06225400861744,0.020285881851783927,0.9996507404481616,0.01968375584743665,0.000602126004352557
dev-contact-chair,b1,0.08,49,contact-chair,evaluated,0.8263257480779596,1.0,0.8263257480779596,0.0,0.17367425192204047,1.105731242433415,0.9136941960769632,0,0.19203704635645172,0.18474626479176556,58.08253989046922,58.06140690705813,0.02113298341109271,0.9996361560040083,0.020547552262120527,0.0005854311490009617
dev-contact-chair,b1,0.08,49,contact-table,evaluated,0.8701730284411234,0.9993504154845447,0.8706654928135693,0.000565938447124834,0.12933450718643064,2.5146202215874216,2.1893930544673794,0.0014231202633138915,0.3252271671200422,0.31730959367400374,58.08253989046922,58.06140690705813,0.02113298341109271,0.9996361560040083,0.020547552262120527,0.0005854311490009617
dev-contact-chair,b1,0.08,49,contact-shelf,evaluated,0.9526780013263719,0.9999753494528092,0.9527003751259275,2.34851644779058e-05,0.04729962487407242,3.5976026248981117,3.4274373702944527,8.449028937187779e-05,0.17016525460365894,0,58.08253989046922,58.06140690705813,0.02113298341109271,0.9996361560040083,0.020547552262120527,0.0005854311490009617
dev-contact-chair,b1,0.12,7,contact-chair,evaluated,0.8263128094241967,1.0,0.8263128094241967,0.0,0.17368719057580329,1.105776342947704,0.9137171565359314,0,0.1920591864117727,0.1847087012713147,58.08253989046922,58.06285613462179,0.019683755847431428,0.9996611071780857,0.01968375584743665,0.0
dev-contact-chair,b1,0.12,7,contact-table,evaluated,0.8704877964132378,0.9994224252151924,0.8709259264632946,0.0005033155569348813,0.12907407353670547,2.5140128563577884,2.1895189760640403,0.001265341780939172,0.32449388029374815,0.31646556212053184,58.08253989046922,58.06285613462179,0.019683755847431428,0.9996611071780857,0.01968375584743665,0.0
dev-contact-chair,b1,0.12,7,contact-shelf,evaluated,0.9520990763413699,1.0,0.9520990763413699,0.0,0.047900923658630024,3.5999117608411777,3.42747266240732,0,0.17243909843385763,0,58.08253989046922,58.06285613462179,0.019683755847431428,0.9996611071780857,0.01968375584743665,0.0
dev-contact-chair,b1,0.12,49,contact-chair,evaluated,0.8263257480779596,1.0,0.8263257480779596,0.0,0.17367425192204047,1.105731242433415,0.9136941960769632,0,0.19203704635645172,0.18474626479176556,58.08253989046922,58.061992338207126,0.02054755226209437,0.9996462353006456,0.020547552262120527,0.0
dev-contact-chair,b1,0.12,49,contact-table,evaluated,0.8701730284411234,0.9993504154845447,0.8706654928135693,0.000565938447124834,0.12933450718643064,2.5146202215874216,2.1893930544673794,0.0014231202633138915,0.3252271671200422,0.31730959367400374,58.08253989046922,58.061992338207126,0.02054755226209437,0.9996462353006456,0.020547552262120527,0.0
dev-contact-chair,b1,0.12,49,contact-shelf,evaluated,0.9525230026791704,0.9999753494528092,0.9525453691988954,2.3481343402795042e-05,0.047454630801104576,3.5981880560471127,3.4274373702944527,8.449028937187779e-05,0.17075068575265992,0,58.08253989046922,58.061992338207126,0.02054755226209437,0.9996462353006456,0.020547552262120527,0.0
dev-contact-chair,b2,0.04,7,contact-chair,evaluated,0.8090548295686114,1.0,0.8090548295686114,0.0,0.19094517043138864,1.0881523715684642,0.8803749315240041,0,0.20777744004446014,0.20042695490400214,58.08253989046922,57.821126843759764,0.26141304670945686,0.9954992834817068,0.019174530815214853,0.24223851589423537
dev-contact-chair,b2,0.04,7,contact-table,evaluated,0.8697092736773607,0.9995808525184428,0.8700265630646352,0.0003648223571686825,0.12997343693536473,2.4995433269037917,2.17466908993725,0.0009118892883662919,0.3248742369665417,0.3168459187933254,58.08253989046922,57.821126843759764,0.26141304670945686,0.9954992834817068,0.019174530815214853,0.24223851589423537
dev-contact-chair,b2,0.04,7,contact-shelf,evaluated,0.9759309134686533,1.0,0.9759309134686533,0.0,0.02406908653134663,3.3902759708124064,3.3086751251057773,0,0.08160084570662901,0.016133360234929228,58.08253989046922,57.821126843759764,0.26141304670945686,0.9954992834817068,0.019174530815214853,0.24223851589423537
dev-contact-chair,b2,0.04,49,contact-chair,evaluated,0.8087751502779896,1.0,0.8087751502779896,0.0,0.1912248497220103,1.0874206140853386,0.8794787705722535,0,0.20794184351308503,0.20065106194839888,58.08253989046922,57.81679545810558,0.26574443236363976,0.9954247105435683,0.020117722299514133,0.24562671006414905
dev-contact-chair,b2,0.04,49,contact-table,evaluated,0.8693413276464073,0.9995256437729588,0.8697001425988854,0.0004127434657335366,0.13029985740111466,2.5003853798203464,2.1745855213819234,0.0010320177273365151,0.325799858438423,0.3178822849923846,58.08253989046922,57.81679545810558,0.26574443236363976,0.9954247105435683,0.020117722299514133,0.24562671006414905
dev-contact-chair,b2,0.04,49,contact-shelf,evaluated,0.9767826712834666,0.9999744518534739,0.9768070481132511,2.4956247178770707e-05,0.023192951886748813,3.385536646060724,3.3070160575178127,8.449028937187779e-05,0.07852058854291132,0.01602235790220828,58.08253989046922,57.81679545810558,0.26574443236363976,0.9954247105435683,0.020117722299514133,0.24562671006414905
dev-contact-chair,b2,0.08,7,contact-chair,evaluated,0.8103744654014017,1.0,0.8103744654014017,0.0,0.18962553459859838,1.105776342947704,0.8960929127697628,0,0.20968343017794144,0.20233294503748345,58.08253989046922,58.06225400861744,0.020285881851783927,0.9996507404481616,0.01968375584743665,0.000602126004352557
dev-contact-chair,b2,0.08,7,contact-table,evaluated,0.8679523055958869,0.9995824198285029,0.8682671315158436,0.0003627226034505658,0.13173286848415638,2.514012856357793,2.1828347313837333,0.0009118892883662919,0.33117812497405946,0.32314980680084315,58.08253989046922,58.06225400861744,0.020285881851783927,0.9996507404481616,0.01968375584743665,0.000602126004352557
dev-contact-chair,b2,0.08,7,contact-shelf,evaluated,0.9484610582052752,1.0,0.9484610582052752,0.0,0.05153894179472486,3.599309634836829,3.4138050250657814,0,0.18550460977104774,0.016133360234929228,58.08253989046922,58.06225400861744,0.020285881851783927,0.9996507404481616,0.01968375584743665,0.000602126004352557
dev-contact-chair,b2,0.08,49,contact-chair,evaluated,0.8103867539627329,1.0,0.8103867539627329,0.0,0.18961324603726712,1.105731242433415,0.8960699523107947,0,0.20966129012262016,0.202370508557934,58.08253989046922,58.06140690705813,0.02113298341109271,0.9996361560040083,0.020547552262120527,0.0005854311490009617
dev-contact-chair,b2,0.08,49,contact-table,evaluated,0.867626597385989,0.9995273949069551,0.8679826774101311,0.00041040699445462367,0.13201732258986892,2.5146202215874256,2.182646792603111,0.0010320177273365151,0.33197342898431487,0.3240558555382764,58.08253989046922,58.06140690705813,0.02113298341109271,0.9996361560040083,0.020547552262120527,0.0005854311490009617
dev-contact-chair,b2,0.08,49,contact-shelf,evaluated,0.9488789946579362,0.9999752507623797,0.9489012792371955,2.348516447790579e-05,0.05109872076280459,3.597602624898113,3.4137697329529115,8.449028937187779e-05,0.1838328919452015,0.016059532105438163,58.08253989046922,58.06140690705813,0.02113298341109271,0.9996361560040083,0.020547552262120527,0.0005854311490009617
dev-contact-chair,b2,0.12,7,contact-chair,evaluated,0.8103744654014017,1.0,0.8103744654014017,0.0,0.18962553459859838,1.105776342947704,0.8960929127697628,0,0.20968343017794144,0.20233294503748345,58.08253989046922,58.06285613462179,0.019683755847431428,0.9996611071780857,0.01968375584743665,0.0
dev-contact-chair,b2,0.12,7,contact-table,evaluated,0.8679523055958869,0.9995824198285029,0.8682671315158436,0.0003627226034505658,0.13173286848415638,2.514012856357793,2.1828347313837333,0.0009118892883662919,0.33117812497405946,0.32314980680084315,58.08253989046922,58.06285613462179,0.019683755847431428,0.9996611071780857,0.01968375584743665,0.0
dev-contact-chair,b2,0.12,7,contact-shelf,evaluated,0.9483024173537206,1.0,0.9483024173537206,0.0,0.05169758264627942,3.5999117608411817,3.4138050250657814,0,0.18610673577540027,0.016133360234929228,58.08253989046922,58.06285613462179,0.019683755847431428,0.9996611071780857,0.01968375584743665,0.0
dev-contact-chair,b2,0.12,49,contact-chair,evaluated,0.8103867539627329,1.0,0.8103867539627329,0.0,0.18961324603726712,1.105731242433415,0.8960699523107947,0,0.20966129012262016,0.202370508557934,58.08253989046922,58.061992338207126,0.02054755226209437,0.9996462353006456,0.020547552262120527,0.0
dev-contact-chair,b2,0.12,49,contact-table,evaluated,0.867626597385989,0.9995273949069551,0.8679826774101311,0.00041040699445462367,0.13201732258986892,2.5146202215874256,2.182646792603111,0.0010320177273365151,0.33197342898431487,0.3240558555382764,58.08253989046922,58.061992338207126,0.02054755226209437,0.9996462353006456,0.020547552262120527,0.0
dev-contact-chair,b2,0.12,49,contact-shelf,evaluated,0.9487246141008906,0.9999752507623797,0.948746891429349,2.3481343402795035e-05,0.05125310857065102,3.598188056047114,3.4137697329529115,8.449028937187779e-05,0.18441832309420247,0.016059532105438163,58.08253989046922,58.061992338207126,0.02054755226209437,0.9996462353006456,0.020547552262120527,0.0
dev-same-color-dining,b0,0.04,7,same-table,evaluated,0.6339099533169389,1.0,0.6339099533169389,0.0,0.36609004668306117,2.4426946404524097,1.5484484454967238,0,0.894246194955686,0,56.83200762115781,56.72943761531873,0.10257000583907683,0.9981952070649552,0.029256717770663555,0.0733132880684212
dev-same-color-dining,b0,0.04,7,same-chair-west,evaluated,0.6454065829601462,1.0,0.6454065829601462,0.0,0.3545934170398538,1.0795521695022892,0.696750076845685,0,0.38280209265660414,0,56.83200762115781,56.72943761531873,0.10257000583907683,0.9981952070649552,0.029256717770663555,0.0733132880684212
dev-same-color-dining,b0,0.04,7,same-chair-east,evaluated,0.6564061726172269,1.0,0.6564061726172269,0.0,0.3435938273827731,1.0957025527481266,0.7192259189763229,0,0.3764766337718036,0,56.83200762115781,56.72943761531873,0.10257000583907683,0.9981952070649552,0.029256717770663555,0.0733132880684212
dev-same-color-dining,b0,0.04,7,same-stool,evaluated,0.9651996749065597,0.9999184893354403,0.9652756232561545,7.868667133783305e-05,0.034724376743845514,0.6653930700705294,0.6422877104226563,5.235756581511146e-05,0.02310535964787306,0,56.83200762115781,56.72943761531873,0.10257000583907683,0.9981952070649552,0.029256717770663555,0.0733132880684212
dev-same-color-dining,b0,0.04,49,same-table,evaluated,0.6338416247999197,1.0,0.6338416247999197,0.0,0.3661583752000803,2.442545018010364,1.5481867028626382,0,0.8943583151477257,0,56.83200762115781,56.728658667239706,0.1033489539181005,0.9981815009139388,0.02868921519183782,0.07465973872626688
dev-same-color-dining,b0,0.04,49,same-chair-west,evaluated,0.6448481756728285,1.0,0.6448481756728285,0.0,0.3551518243271716,1.0803383988987754,0.6966542456391798,0,0.38368415325959565,0,56.83200762115781,56.728658667239706,0.1033489539181005,0.9981815009139388,0.02868921519183782,0.07465973872626688
dev-same-color-dining,b0,0.04,49,same-chair-east,evaluated,0.6563111960085072,1.0,0.6563111960085072,0.0,0.3436888039914928,1.0947129586872133,0.7184723712020165,0,0.37624058748519684,0,56.83200762115781,56.728658667239706,0.1033489539181005,0.9981815009139388,0.02868921519183782,0.07465973872626688
dev-same-color-dining,b0,0.04,49,same-stool,evaluated,0.9653328333044695,0.9998601947707152,0.9654631490570942,0.00013499567002059462,0.03453685094290576,0.6648793038912041,0.6419164664776906,8.975582711161964e-05,0.02296283741351346,0,56.83200762115781,56.728658667239706,0.1033489539181005,0.9981815009139388,0.02868921519183782,0.07465973872626688
dev-same-color-dining,b0,0.08,7,same-table,evaluated,0.6326212476675754,1.0,0.6326212476675754,0.0,0.36737875233242456,2.4791581527977415,1.5683681237881488,0,0.9107900290095926,0,56.83200762115781,56.801855747489114,0.030151873668692986,0.9994694561228651,0.030151873668708126,0.0
dev-same-color-dining,b0,0.08,7,same-chair-west,evaluated,0.6500245178995588,1.0,0.6500245178995588,0.0,0.34997548210044116,1.0937968864537257,0.7109947937971216,0,0.38280209265660414,0,56.83200762115781,56.801855747489114,0.030151873668692986,0.9994694561228651,0.030151873668708126,0.0
dev-same-color-dining,b0,0.08,7,same-chair-east,evaluated,0.6579608284952834,1.0,0.6579608284952834,0.0,0.34203917150471674,1.1074545033135514,0.7286616825210168,0,0.37879282079253473,0,56.83200762115781,56.801855747489114,0.030151873668692986,0.9994694561228651,0.030151873668708126,0.0
dev-same-color-dining,b0,0.08,7,same-stool,evaluated,0.9657110355265003,0.9999197294915467,0.9657859074403571,7.753034924780837e-05,0.03421409255964287,0.6753170380770793,0.6522116784292062,5.235756581511146e-05,0.02310535964787306,0,56.83200762115781,56.801855747489114,0.030151873668692986,0.9994694561228651,0.030151873668708126,0.0
dev-same-color-dining,b0,0.08,49,same-table,evaluated,0.6325975977520167,1.0,0.6325975977520167,0.0,0.3674024022479833,2.479250837122127,1.5683681237881342,0,0.9108827133339931,0,56.83200762115781,56.802538089388655,0.029469531769152013,0.9994814624187554,0.02946953176915447,0.0
dev-same-color-dining,b0,0.08,49,same-chair-west,evaluated,0.6494987242747267,1.0,0.6494987242747267,0.0,0.3505012757252733,1.094682356137123,0.7109947937971134,0,0.38368756234000956,0,56.83200762115781,56.802538089388655,0.029469531769152013,0.9994814624187554,0.02946953176915447,0.0
dev-same-color-dining,b0,0.08,49,same-chair-east,evaluated,0.6581324181652594,1.0,0.6581324181652594,0.0,0.34186758183474064,1.1071657654433391,0.7286616825210152,0,0.378504082922324,0,56.83200762115781,56.802538089388655,0.029469531769152013,0.9994814624187554,0.02946953176915447,0.0
dev-same-color-dining,b0,0.08,49,same-stool,evaluated,0.9658636444436647,0.9998624107694991,0.9659920351431702,0.0001329283903003785,0.03400796485682979,0.6752193937562793,0.6522565563427658,8.975582711161964e-05,0.02296283741351346,0,56.83200762115781,56.802538089388655,0.029469531769152013,0.9994814624187554,0.02946953176915447,0.0
dev-same-color-dining,b0,0.12,7,same-table,evaluated,0.6326212476675754,1.0,0.6326212476675754,0.0,0.36737875233242456,2.4791581527977415,1.5683681237881488,0,0.9107900290095926,0,56.83200762115781,56.801855747489114,0.030151873668692986,0.9994694561228651,0.030151873668708126,0.0
dev-same-color-dining,b0,0.12,7,same-chair-west,evaluated,0.6500245178995588,1.0,0.6500245178995588,0.0,0.34997548210044116,1.0937968864537257,0.7109947937971216,0,0.38280209265660414,0,56.83200762115781,56.801855747489114,0.030151873668692986,0.9994694561228651,0.030151873668708126,0.0
dev-same-color-dining,b0,0.12,7,same-chair-east,evaluated,0.6579608284952834,1.0,0.6579608284952834,0.0,0.34203917150471674,1.1074545033135514,0.7286616825210168,0,0.37879282079253473,0,56.83200762115781,56.801855747489114,0.030151873668692986,0.9994694561228651,0.030151873668708126,0.0
dev-same-color-dining,b0,0.12,7,same-stool,evaluated,0.9657110355265003,0.9999197294915467,0.9657859074403571,7.753034924780837e-05,0.03421409255964287,0.6753170380770793,0.6522116784292062,5.235756581511146e-05,0.02310535964787306,0,56.83200762115781,56.801855747489114,0.030151873668692986,0.9994694561228651,0.030151873668708126,0.0
dev-same-color-dining,b0,0.12,49,same-table,evaluated,0.6325975977520167,1.0,0.6325975977520167,0.0,0.3674024022479833,2.479250837122127,1.5683681237881342,0,0.9108827133339931,0,56.83200762115781,56.802538089388655,0.029469531769152013,0.9994814624187554,0.02946953176915447,0.0
dev-same-color-dining,b0,0.12,49,same-chair-west,evaluated,0.6494987242747267,1.0,0.6494987242747267,0.0,0.3505012757252733,1.094682356137123,0.7109947937971134,0,0.38368756234000956,0,56.83200762115781,56.802538089388655,0.029469531769152013,0.9994814624187554,0.02946953176915447,0.0
dev-same-color-dining,b0,0.12,49,same-chair-east,evaluated,0.6581324181652594,1.0,0.6581324181652594,0.0,0.34186758183474064,1.1071657654433391,0.7286616825210152,0,0.378504082922324,0,56.83200762115781,56.802538089388655,0.029469531769152013,0.9994814624187554,0.02946953176915447,0.0
dev-same-color-dining,b0,0.12,49,same-stool,evaluated,0.9658636444436647,0.9998624107694991,0.9659920351431702,0.0001329283903003785,0.03400796485682979,0.6752193937562793,0.6522565563427658,8.975582711161964e-05,0.02296283741351346,0,56.83200762115781,56.802538089388655,0.029469531769152013,0.9994814624187554,0.02946953176915447,0.0
dev-same-color-dining,b1,0.04,7,same-table,evaluated,0.6596109433534102,0.9996467574233204,0.659764724617404,0.0002331393460694431,0.3402352753825961,2.442694640452409,1.6116037567824921,0.000569488231122408,0.8310908836699169,0.8265700058945703,56.83200762115781,56.72943761531873,0.10257000583907683,0.9981952070649552,0.029256717770663555,0.0733132880684212
dev-same-color-dining,b1,0.04,7,same-chair-west,evaluated,0.6682289946273078,0.9989419685737935,0.6687022727428801,0.0007082573779013093,0.33129772725711987,1.07955216950229,0.7218989892906883,0.0007646007888793617,0.3576531802116017,0.35216576188411275,56.83200762115781,56.72943761531873,0.10257000583907683,0.9981952070649552,0.029256717770663555,0.0733132880684212
dev-same-color-dining,b1,0.04,7,same-chair-east,evaluated,0.6778407900896778,0.9965383480346668,0.6794406007296938,0.0023601569327278203,0.3205593992703063,1.0957025527481252,0.7444648006602452,0.002586029976076058,0.3512377520878801,0.345315881230412,56.83200762115781,56.72943761531873,0.10257000583907683,0.9981952070649552,0.029256717770663555,0.0733132880684212
dev-same-color-dining,b1,0.04,7,same-stool,evaluated,0.9902858869710736,0.9972138140957642,0.9930334411714687,0.002774506065918858,0.006966558828531251,0.66539307007053,0.6607575701037866,0.001846137109131057,0.004635499966743364,0,56.83200762115781,56.72943761531873,0.10257000583907683,0.9981952070649552,0.029256717770663555,0.0733132880684212
dev-same-color-dining,b1,0.04,49,same-table,evaluated,0.6594905852945264,0.9996059124868454,0.6596620970883351,0.0002600670845544606,0.3403379029116649,2.4425450180103727,1.6112543688133878,0.0006352255617269801,0.8312906491969849,0.8268825990391055,56.83200762115781,56.728658667239706,0.1033489539181005,0.9981815009139388,0.02868921519183782,0.07465973872626688
dev-same-color-dining,b1,0.04,49,same-chair-west,evaluated,0.6680377702663004,0.9989657333407171,0.6685001347330162,0.0006921232410727952,0.33149986526698383,1.0803383988987665,0.7222063652210764,0.0007477273141012085,0.35813203367769014,0.35247446479821054,56.83200762115781,56.728658667239706,0.1033489539181005,0.9981815009139388,0.02868921519183782,0.07465973872626688
dev-same-color-dining,b1,0.04,49,same-chair-east,evaluated,0.6777759688717832,0.9965304644066503,0.6793791372575524,0.0023653367180277683,0.3206208627424476,1.0947129586872033,0.7437251454175747,0.0025893647568836576,0.3509878132696285,0.3451504985548841,56.83200762115781,56.728658667239706,0.1033489539181005,0.9981815009139388,0.02868921519183782,0.07465973872626688
dev-same-color-dining,b1,0.04,49,same-stool,evaluated,0.9897654080371904,0.9966773951585864,0.9930420122005938,0.0033104856330565236,0.006957987799406104,0.6648793038912056,0.660253081806653,0.0022010733832484586,0.004626222084552632,0,56.83200762115781,56.728658667239706,0.1033489539181005,0.9981815009139388,0.02868921519183782,0.07465973872626688
dev-same-color-dining,b1,0.08,7,same-table,evaluated,0.6591308426866119,0.9996516964958309,0.6592822518483293,0.00022971032746730495,0.3407177481516707,2.4791581527977415,1.6344649696646396,0.000569488231122408,0.844693183133102,0.8401723053577554,56.83200762115781,56.801855747489114,0.030151873668692986,0.9994694561228651,0.030151873668708126,0.0
dev-same-color-dining,b1,0.08,7,same-chair-west,evaluated,0.6725466909096179,0.9989624207223827,0.6730168236525398,0.0006990336125003303,0.3269831763474603,1.093796886453726,0.7361437062421243,0.0007646007888793617,0.3576531802116017,0.35216576188411275,56.83200762115781,56.801855747489114,0.030151873668692986,0.9994694561228651,0.030151873668708126,0.0
dev-same-color-dining,b1,0.08,7,same-chair-east,evaluated,0.6792667614025963,0.9965373806239597,0.6808737697337939,0.0023657985676781208,0.3191262302662061,1.1074545033135514,0.754036722479764,0.002620014277707885,0.35341778083378733,0.34749590997631924,56.83200762115781,56.801855747489114,0.030151873668692986,0.9994694561228651,0.030151873668708126,0.0
dev-same-color-dining,b1,0.08,7,same-stool,evaluated,0.9904282493298723,0.9972549276748669,0.9931358166529566,0.002733733942783094,0.006864183347043396,0.67531703807708,0.6706815381103366,0.001846137109131057,0.004635499966743364,0,56.83200762115781,56.801855747489114,0.030151873668692986,0.9994694561228651,0.030151873668708126,0.0
dev-same-color-dining,b1,0.08,49,same-table,evaluated,0.6590844807583125,0.9996115041372549,0.6592533492339209,0.00025621673782082335,0.34074665076607924,2.47925083712214,1.6344544179637728,0.0006352255617269801,0.8447964191583675,0.8403883690004881,56.83200762115781,56.802538089388655,0.029469531769152013,0.9994814624187554,0.02946953176915447,0.0
dev-same-color-dining,b1,0.08,49,same-chair-west,evaluated,0.6723814915311396,0.9989858500620616,0.6728407644918257,0.0006830541388643287,0.3271592355081742,1.0946823561371106,0.7365469133790066,0.0007477273141012085,0.358135442758104,0.3524778738786244,56.83200762115781,56.802538089388655,0.029469531769152013,0.9994814624187554,0.02946953176915447,0.0
dev-same-color-dining,b1,0.08,49,same-chair-east,evaluated,0.6795158801620675,0.9965297347392703,0.6811276407288395,0.002371924797971558,0.31887235927116064,1.1071657654433311,0.7541212057121558,0.0026261139345201984,0.35304455973117543,0.347207245016431,56.83200762115781,56.802538089388655,0.029469531769152013,0.9994814624187554,0.02946953176915447,0.0
dev-same-color-dining,b1,0.08,49,same-stool,evaluated,0.9899216280006565,0.9967284598531775,0.9931485645594141,0.0032597899343556995,0.00685143544058586,0.6752193937562737,0.6705931716717211,0.0022010733832484586,0.004626222084552632,0,56.83200762115781,56.802538089388655,0.029469531769152013,0.9994814624187554,0.02946953176915447,0.0
dev-same-color-dining,b1,0.12,7,same-table,evaluated,0.6591308426866119,0.9996516964958309,0.6592822518483293,0.00022971032746730495,0.3407177481516707,2.4791581527977415,1.6344649696646396,0.000569488231122408,0.844693183133102,0.8401723053577554,56.83200762115781,56.801855747489114,0.030151873668692986,0.9994694561228651,0.030151873668708126,0.0
dev-same-color-dining,b1,0.12,7,same-chair-west,evaluated,0.6725466909096179,0.9989624207223827,0.6730168236525398,0.0006990336125003303,0.3269831763474603,1.093796886453726,0.7361437062421243,0.0007646007888793617,0.3576531802116017,0.35216576188411275,56.83200762115781,56.801855747489114,0.030151873668692986,0.9994694561228651,0.030151873668708126,0.0
dev-same-color-dining,b1,0.12,7,same-chair-east,evaluated,0.6792667614025963,0.9965373806239597,0.6808737697337939,0.0023657985676781208,0.3191262302662061,1.1074545033135514,0.754036722479764,0.002620014277707885,0.35341778083378733,0.34749590997631924,56.83200762115781,56.801855747489114,0.030151873668692986,0.9994694561228651,0.030151873668708126,0.0
dev-same-color-dining,b1,0.12,7,same-stool,evaluated,0.9904282493298723,0.9972549276748669,0.9931358166529566,0.002733733942783094,0.006864183347043396,0.67531703807708,0.6706815381103366,0.001846137109131057,0.004635499966743364,0,56.83200762115781,56.801855747489114,0.030151873668692986,0.9994694561228651,0.030151873668708126,0.0
dev-same-color-dining,b1,0.12,49,same-table,evaluated,0.6590844807583125,0.9996115041372549,0.6592533492339209,0.00025621673782082335,0.34074665076607924,2.47925083712214,1.6344544179637728,0.0006352255617269801,0.8447964191583675,0.8403883690004881,56.83200762115781,56.802538089388655,0.029469531769152013,0.9994814624187554,0.02946953176915447,0.0
dev-same-color-dining,b1,0.12,49,same-chair-west,evaluated,0.6723814915311396,0.9989858500620616,0.6728407644918257,0.0006830541388643287,0.3271592355081742,1.0946823561371106,0.7365469133790066,0.0007477273141012085,0.358135442758104,0.3524778738786244,56.83200762115781,56.802538089388655,0.029469531769152013,0.9994814624187554,0.02946953176915447,0.0
dev-same-color-dining,b1,0.12,49,same-chair-east,evaluated,0.6795158801620675,0.9965297347392703,0.6811276407288395,0.002371924797971558,0.31887235927116064,1.1071657654433311,0.7541212057121558,0.0026261139345201984,0.35304455973117543,0.347207245016431,56.83200762115781,56.802538089388655,0.029469531769152013,0.9994814624187554,0.02946953176915447,0.0
dev-same-color-dining,b1,0.12,49,same-stool,evaluated,0.9899216280006565,0.9967284598531775,0.9931485645594141,0.0032597899343556995,0.00685143544058586,0.6752193937562737,0.6705931716717211,0.0022010733832484586,0.004626222084552632,0,56.83200762115781,56.802538089388655,0.029469531769152013,0.9994814624187554,0.02946953176915447,0.0
dev-same-color-dining,b2,0.04,7,same-table,evaluated,0.6568107933156343,0.9998285566529385,0.656884775061712,0.00011263783547789388,0.3431152249382881,2.442694640452409,1.60456891943803,0.0002751398370340116,0.8381257210143791,0.8336048432390325,56.83200762115781,56.72943761531873,0.10257000583907683,0.9981952070649552,0.029256717770663555,0.0733132880684212
dev-same-color-dining,b2,0.04,7,same-chair-west,evaluated,0.6667034419883802,0.99893955015073,0.6671756396200407,0.0007082573779013094,0.3328243603799593,1.0795521695022898,0.7202509091908927,0.0007646007888793617,0.35930126031139703,0.3538138419839081,56.83200762115781,56.72943761531873,0.10257000583907683,0.9981952070649552,0.029256717770663555,0.0733132880684212
dev-same-color-dining,b2,0.04,7,same-chair-east,evaluated,0.6747927999468158,0.9965227663739032,0.6763854168517653,0.0023601569327278203,0.3236145831482348,1.0957025527481252,0.741117227886084,0.002586029976076058,0.3545853248620413,0.3486634540045732,56.83200762115781,56.72943761531873,0.10257000583907683,0.9981952070649552,0.029256717770663555,0.0733132880684212
dev-same-color-dining,b2,0.04,7,same-stool,evaluated,0.9902858869710736,0.9972138140957642,0.9930334411714687,0.002774506065918858,0.006966558828531251,0.66539307007053,0.6607575701037866,0.001846137109131057,0.004635499966743364,0,56.83200762115781,56.72943761531873,0.10257000583907683,0.9981952070649552,0.029256717770663555,0.0733132880684212
dev-same-color-dining,b2,0.04,49,same-table,evaluated,0.6567013863756124,0.999769799462475,0.6568006997777701,0.00015123068752115484,0.34319930022223,2.442545018010372,1.6042652770679182,0.00036938776237508005,0.8382797409424538,0.8338716907845745,56.83200762115781,56.728658667239706,0.1033489539181005,0.9981815009139388,0.02868921519183782,0.07465973872626688
dev-same-color-dining,b2,0.04,49,same-chair-west,evaluated,0.6665133032882918,0.998963370190723,0.6669746126359818,0.000692123241072795,0.3330253873640182,1.0803383988987667,0.7205582851212817,0.0007477273141012085,0.35978011377748503,0.35412254489800543,56.83200762115781,56.728658667239706,0.1033489539181005,0.9981815009139388,0.02868921519183782,0.07465973872626688
dev-same-color-dining,b2,0.04,49,same-chair-east,evaluated,0.6747252391844023,0.9965148317824962,0.6763211915672253,0.0023653367180277653,0.32367880843277475,1.0947129586872049,0.7403775726434131,0.0025893647568836576,0.35433538604379183,0.3484980713290474,56.83200762115781,56.728658667239706,0.1033489539181005,0.9981815009139388,0.02868921519183782,0.07465973872626688
dev-same-color-dining,b2,0.04,49,same-stool,evaluated,0.9897654080371904,0.9966773951585864,0.9930420122005938,0.0033104856330565236,0.006957987799406104,0.6648793038912056,0.660253081806653,0.0022010733832484586,0.004626222084552632,0,56.83200762115781,56.728658667239706,0.1033489539181005,0.9981815009139388,0.02868921519183782,0.07465973872626688
dev-same-color-dining,b2,0.08,7,same-table,evaluated,0.6563718157510038,0.9998309645844734,0.6564446606537041,0.00011098115572962334,0.34355533934629595,2.4791581527977424,1.6274301323201779,0.0002751398370340116,0.8517280204775646,0.847207142702218,56.83200762115781,56.801855747489114,0.030151873668692986,0.9994694561228651,0.030151873668708126,0.0
dev-same-color-dining,b2,0.08,7,same-chair-west,evaluated,0.6710409919434072,0.998960094996474,0.6715100721521412,0.0006990336125003303,0.3284899278478588,1.093796886453726,0.7344956261423289,0.0007646007888793617,0.35930126031139703,0.3538138419839081,56.83200762115781,56.801855747489114,0.030151873668692986,0.9994694561228651,0.030151873668708126,0.0
dev-same-color-dining,b2,0.08,7,same-chair-east,evaluated,0.6762511325226312,0.9965219933554852,0.6778510064833441,0.002365798567678123,0.3221489935166561,1.1074545033135506,0.7506891497056021,0.002620014277707885,0.3567653536079486,0.3508434827504805,56.83200762115781,56.801855747489114,0.030151873668692986,0.9994694561228651,0.030151873668708126,0.0
dev-same-color-dining,b2,0.08,7,same-stool,evaluated,0.9904282493298723,0.9972549276748669,0.9931358166529566,0.002733733942783094,0.006864183347043396,0.67531703807708,0.6706815381103366,0.001846137109131057,0.004635499966743364,0,56.83200762115781,56.801855747489114,0.030151873668692986,0.9994694561228651,0.030151873668708126,0.0
dev-same-color-dining,b2,0.08,49,same-table,evaluated,0.6563284663116811,0.9997730775153651,0.6564262537964826,0.00014899168605458953,0.3435737462035174,2.479250837122139,1.627445339233879,0.00036938776237508005,0.8518054978882599,0.8473974477303805,56.83200762115781,56.802538089388655,0.029469531769152013,0.9994814624187554,0.02946953176915447,0.0
dev-same-color-dining,b2,0.08,49,same-chair-west,evaluated,0.6708769864744569,0.9989835780466395,0.6713352317767372,0.0006830541388643286,0.3286647682232629,1.0946823561371108,0.734898833279212,0.0007477273141012085,0.3597835228578989,0.3541259539784193,56.83200762115781,56.802538089388655,0.029469531769152013,0.9994814624187554,0.02946953176915447,0.0
dev-same-color-dining,b2,0.08,49,same-chair-east,evaluated,0.676499483271473,0.9965143153479655,0.6781040891716595,0.0023719247979715552,0.3218959108283404,1.1071657654433325,0.7507736329379942,0.0026261139345201984,0.3563921325053382,0.3505548177905938,56.83200762115781,56.802538089388655,0.029469531769152013,0.9994814624187554,0.02946953176915447,0.0
dev-same-color-dining,b2,0.08,49,same-stool,evaluated,0.9899216280006565,0.9967284598531775,0.9931485645594141,0.0032597899343556995,0.00685143544058586,0.6752193937562737,0.6705931716717211,0.0022010733832484586,0.004626222084552632,0,56.83200762115781,56.802538089388655,0.029469531769152013,0.9994814624187554,0.02946953176915447,0.0
dev-same-color-dining,b2,0.12,7,same-table,evaluated,0.6563718157510038,0.9998309645844734,0.6564446606537041,0.00011098115572962334,0.34355533934629595,2.4791581527977424,1.6274301323201779,0.0002751398370340116,0.8517280204775646,0.847207142702218,56.83200762115781,56.801855747489114,0.030151873668692986,0.9994694561228651,0.030151873668708126,0.0
dev-same-color-dining,b2,0.12,7,same-chair-west,evaluated,0.6710409919434072,0.998960094996474,0.6715100721521412,0.0006990336125003303,0.3284899278478588,1.093796886453726,0.7344956261423289,0.0007646007888793617,0.35930126031139703,0.3538138419839081,56.83200762115781,56.801855747489114,0.030151873668692986,0.9994694561228651,0.030151873668708126,0.0
dev-same-color-dining,b2,0.12,7,same-chair-east,evaluated,0.6762511325226312,0.9965219933554852,0.6778510064833441,0.002365798567678123,0.3221489935166561,1.1074545033135506,0.7506891497056021,0.002620014277707885,0.3567653536079486,0.3508434827504805,56.83200762115781,56.801855747489114,0.030151873668692986,0.9994694561228651,0.030151873668708126,0.0
dev-same-color-dining,b2,0.12,7,same-stool,evaluated,0.9904282493298723,0.9972549276748669,0.9931358166529566,0.002733733942783094,0.006864183347043396,0.67531703807708,0.6706815381103366,0.001846137109131057,0.004635499966743364,0,56.83200762115781,56.801855747489114,0.030151873668692986,0.9994694561228651,0.030151873668708126,0.0
dev-same-color-dining,b2,0.12,49,same-table,evaluated,0.6563284663116811,0.9997730775153651,0.6564262537964826,0.00014899168605458953,0.3435737462035174,2.479250837122139,1.627445339233879,0.00036938776237508005,0.8518054978882599,0.8473974477303805,56.83200762115781,56.802538089388655,0.029469531769152013,0.9994814624187554,0.02946953176915447,0.0
dev-same-color-dining,b2,0.12,49,same-chair-west,evaluated,0.6708769864744569,0.9989835780466395,0.6713352317767372,0.0006830541388643286,0.3286647682232629,1.0946823561371108,0.734898833279212,0.0007477273141012085,0.3597835228578989,0.3541259539784193,56.83200762115781,56.802538089388655,0.029469531769152013,0.9994814624187554,0.02946953176915447,0.0
dev-same-color-dining,b2,0.12,49,same-chair-east,evaluated,0.676499483271473,0.9965143153479655,0.6781040891716595,0.0023719247979715552,0.3218959108283404,1.1071657654433325,0.7507736329379942,0.0026261139345201984,0.3563921325053382,0.3505548177905938,56.83200762115781,56.802538089388655,0.029469531769152013,0.9994814624187554,0.02946953176915447,0.0
dev-same-color-dining,b2,0.12,49,same-stool,evaluated,0.9899216280006565,0.9967284598531775,0.9931485645594141,0.0032597899343556995,0.00685143544058586,0.6752193937562737,0.6705931716717211,0.0022010733832484586,0.004626222084552632,0,56.83200762115781,56.802538089388655,0.029469531769152013,0.9994814624187554,0.02946953176915447,0.0
dev-curved-sofa-wall,b0,0.04,7,curved-sofa,evaluated,0.9784345848847172,0.9999223067609891,0.9785089747169327,7.602943862024294e-05,0.021491025283067285,3.907711032745645,3.823730316141987,0.00029710107610978116,0.08398071660365762,0,37.2287034307383,37.17783213711068,0.05087129362762255,0.9986335464590577,0.016570839057345924,0.03430045457027695
dev-curved-sofa-wall,b0,0.04,7,curved-ottoman,evaluated,0.9757947589738006,0.9998526189598971,0.9759351324523399,0.00014385553647232758,0.024064867547660178,1.0012591988881565,0.9771640288860367,0.0001440366792039087,0.024095170002119824,0,37.2287034307383,37.17783213711068,0.05087129362762255,0.9986335464590577,0.016570839057345924,0.03430045457027695
dev-curved-sofa-wall,b0,0.04,7,curved-roundtable,evaluated,0.940798444656065,0.9946157473447692,0.9456143812362752,0.005118988671341707,0.05438561876372484,1.1515782427672392,1.0889489474795,0.005894915978889087,0.06262929528773924,0,37.2287034307383,37.17783213711068,0.05087129362762255,0.9986335464590577,0.016570839057345924,0.03430045457027695
dev-curved-sofa-wall,b0,0.04,7,curved-lamp,evaluated,0.9163767666760779,0.9997768760151644,0.9165642143849957,0.00020455310057427003,0.08343578561500432,0.4318928878631367,0.3958575654627429,8.834502932838012e-05,0.036035322400393775,0,37.2287034307383,37.17783213711068,0.05087129362762255,0.9986335464590577,0.016570839057345924,0.03430045457027695
dev-curved-sofa-wall,b0,0.04,49,curved-sofa,evaluated,0.9785782832454079,0.9999127008276868,0.978661896724559,8.544383273439881e-05,0.021338103275440962,3.9065917713124096,3.8232325126411575,0.0003337941738695963,0.08335925867125205,0,37.2287034307383,37.17626444840957,0.05243898232873079,0.9985914367813993,0.016452465160188612,0.03598651716853652
dev-curved-sofa-wall,b0,0.04,49,curved-ottoman,evaluated,0.9759136535213817,0.999673992925771,0.9762243452263434,0.0003183598301352201,0.02377565477365674,1.0008193322444108,0.9770241973101661,0.000318620672609375,0.023795134934244774,0,37.2287034307383,37.17626444840957,0.05243898232873079,0.9985914367813993,0.016452465160188612,0.03598651716853652
dev-curved-sofa-wall,b0,0.04,49,curved-roundtable,evaluated,0.9411516628885648,0.9946740516786402,0.9459184909651474,0.005064888332612,0.05408150903485259,1.1504404842388773,1.0882229267964523,0.005826852585985989,0.06221755744242504,0,37.2287034307383,37.17626444840957,0.05243898232873079,0.9985914367813993,0.016452465160188612,0.03598651716853652
dev-curved-sofa-wall,b0,0.04,49,curved-lamp,evaluated,0.9149956257630616,0.9992993379950726,0.9155830200463528,0.0006419640343104273,0.08441697995364715,0.43160126234459706,0.3951667872332844,0.00027707248758821064,0.036434475111312654,0,37.2287034307383,37.17626444840957,0.05243898232873079,0.9985914367813993,0.016452465160188612,0.03598651716853652
dev-curved-sofa-wall,b0,0.08,7,curved-sofa,evaluated,0.978251139504781,0.9997467557017827,0.9784936095138246,0.0002478606967596505,0.021506390486175454,3.9124373402827612,3.8282949350899464,0.0009697394451909589,0.08414240519281478,0,37.2287034307383,37.210838091056786,0.017865339681513603,0.9995201192081602,0.017416170124277208,0.0004491695572333009
dev-curved-sofa-wall,b0,0.08,7,curved-ottoman,evaluated,0.975866064229374,0.9998530637956775,0.976006034355395,0.00014343169739319253,0.02399396564460503,1.0042179087447993,0.9801227387426795,0.0001440366792039087,0.024095170002119824,0,37.2287034307383,37.210838091056786,0.017865339681513603,0.9995201192081602,0.017416170124277208,0.0004491695572333009
dev-curved-sofa-wall,b0,0.08,7,curved-roundtable,evaluated,0.938161632606968,0.9946620319468525,0.9429089454660607,0.0050602291695736445,0.0570910545339393,1.1649503967793162,1.0984421501474542,0.005894915978889087,0.06650824663186217,0,37.2287034307383,37.210838091056786,0.017865339681513603,0.9995201192081602,0.017416170124277208,0.0004491695572333009
dev-curved-sofa-wall,b0,0.08,7,curved-lamp,evaluated,0.9184688838802862,0.9997829524184809,0.9186520582576521,0.00019943449427699752,0.08134794174234801,0.44297767870424865,0.4069423563038549,8.834502932838012e-05,0.036035322400393775,0,37.2287034307383,37.210838091056786,0.017865339681513603,0.9995201192081602,0.017416170124277208,0.0004491695572333009
dev-curved-sofa-wall,b0,0.08,49,curved-sofa,evaluated,0.9783627102643379,0.9997133394469573,0.9786372556087863,0.00028061713878519643,0.02136274439121364,3.9118520288742356,3.8282841338851448,0.0010977327236937535,0.08356789498909077,0,37.2287034307383,37.21119794605306,0.017505484685237604,0.9995297852712544,0.01707328687463312,0.00043219781060824974
dev-curved-sofa-wall,b0,0.08,49,curved-ottoman,evaluated,0.9758959807884497,0.9996750239323355,0.9762056780721501,0.0003173466125458564,0.02379432192784987,1.0040147271568387,0.9801248775185665,0.000318620672609375,0.023889849638272172,0,37.2287034307383,37.21119794605306,0.017505484685237604,0.9995297852712544,0.01707328687463312,0.00043219781060824974
dev-curved-sofa-wall,b0,0.08,49,curved-roundtable,evaluated,0.938515354424868,0.9947212583874739,0.9432129991054842,0.005005399920702383,0.05678700089451589,1.164113293302713,1.098006790674614,0.005826852585985989,0.066106502628099,0,37.2287034307383,37.21119794605306,0.017505484685237604,0.9995297852712544,0.01707328687463312,0.00043219781060824974
dev-curved-sofa-wall,b0,0.08,49,curved-lamp,evaluated,0.9172566996405894,0.9993196426483035,0.9178298726601973,0.0006248774414321161,0.08217012733980268,0.44340292866582953,0.4069684535545169,0.00027707248758821064,0.036434475111312654,0,37.2287034307383,37.21119794605306,0.017505484685237604,0.9995297852712544,0.01707328687463312,0.00043219781060824974
dev-curved-sofa-wall,b0,0.12,7,curved-sofa,evaluated,0.978251139504781,0.9997467557017827,0.9784936095138246,0.0002478606967596505,0.021506390486175454,3.9124373402827612,3.8282949350899464,0.0009697394451909589,0.08414240519281478,0,37.2287034307383,37.21128726061402,0.017416170124278096,0.9995321843491896,0.017416170124277208,0.0
dev-curved-sofa-wall,b0,0.12,7,curved-ottoman,evaluated,0.975866064229374,0.9998530637956775,0.976006034355395,0.00014343169739319253,0.02399396564460503,1.0042179087447993,0.9801227387426795,0.0001440366792039087,0.024095170002119824,0,37.2287034307383,37.21128726061402,0.017416170124278096,0.9995321843491896,0.017416170124277208,0.0
dev-curved-sofa-wall,b0,0.12,7,curved-roundtable,evaluated,0.9381794856770326,0.9946636658307247,0.9429255113423096,0.005058760863708583,0.057074488657690305,1.1652885237527353,1.098780277120873,0.005894915978889087,0.06650824663186217,0,37.2287034307383,37.21128726061402,0.017416170124278096,0.9995321843491896,0.017416170124277208,0.0
dev-curved-sofa-wall,b0,0.12,7,curved-lamp,evaluated,0.9184893123421434,0.9997830116153691,0.918672444887248,0.00019938451394465714,0.08132755511275203,0.4430887212880631,0.40705339888766934,8.834502932838012e-05,0.036035322400393775,0,37.2287034307383,37.21128726061402,0.017416170124278096,0.9995321843491896,0.017416170124277208,0.0
dev-curved-sofa-wall,b0,0.12,49,curved-sofa,evaluated,0.9783627102643379,0.9997133394469573,0.9786372556087863,0.00028061713878519643,0.02136274439121364,3.9118520288742356,3.8282841338851448,0.0010977327236937535,0.08356789498909077,0,37.2287034307383,37.21163014386367,0.01707328687462706,0.9995413945342901,0.01707328687463312,0.0
dev-curved-sofa-wall,b0,0.12,49,curved-ottoman,evaluated,0.9758959807884497,0.9996750239323355,0.9762056780721501,0.0003173466125458564,0.02379432192784987,1.0040147271568387,0.9801248775185665,0.000318620672609375,0.023889849638272172,0,37.2287034307383,37.21163014386367,0.01707328687462706,0.9995413945342901,0.01707328687463312,0.0
dev-curved-sofa-wall,b0,0.12,49,curved-roundtable,evaluated,0.9385329532639225,0.9947228597893123,0.9432293346664001,0.005003960048653757,0.05677066533359995,1.1644482628420703,1.0983417602139713,0.005826852585985989,0.066106502628099,0,37.2287034307383,37.21163014386367,0.01707328687462706,0.9995413945342901,0.01707328687463312,0.0
dev-curved-sofa-wall,b0,0.12,49,curved-lamp,evaluated,0.9172748280787294,0.9993198050421805,0.9178478867675314,0.0006247404499284516,0.08215211323246863,0.4435001569370806,0.40706568182576797,0.00027707248758821064,0.036434475111312654,0,37.2287034307383,37.21163014386367,0.01707328687462706,0.9995413945342901,0.01707328687463312,0.0
dev-curved-sofa-wall,b1,0.04,7,curved-sofa,evaluated,0.9898222998502382,0.9986828176197553,0.9911161981511997,0.0013072026172346845,0.008883801848800266,3.9077110327456523,3.872995702248369,0.005108170089401969,0.03471533049728302,0,37.2287034307383,37.17783213711068,0.05087129362762255,0.9986335464590577,0.016570839057345924,0.03430045457027695
dev-curved-sofa-wall,b1,0.04,7,curved-ottoman,evaluated,0.9877772285807739,0.9880183251418087,0.9997530211687292,0.012123981239334712,0.00024697883127066544,1.0012591988881565,1.001011909061416,0.012139247743031312,0.00024728982674039965,0,37.2287034307383,37.17783213711068,0.05087129362762255,0.9986335464590577,0.016570839057345924,0.03430045457027695
dev-curved-sofa-wall,b1,0.04,7,curved-roundtable,evaluated,0.9737348292479886,0.9864420081473692,0.9869434288128538,0.013564883547470754,0.013056571187146258,1.1515782427672412,1.136542579462982,0.015621024758938633,0.01503566330425928,0,37.2287034307383,37.17783213711068,0.05087129362762255,0.9986335464590577,0.016570839057345924,0.03430045457027695
dev-curved-sofa-wall,b1,0.04,7,curved-lamp,evaluated,0.9543099758615837,0.9973409727552932,0.9567442217089387,0.002550791576036125,0.04325577829106133,0.4318928878631368,0.41321102486024275,0.001101668740111204,0.018681863002894056,0,37.2287034307383,37.17783213711068,0.05087129362762255,0.9986335464590577,0.016570839057345924,0.03430045457027695
dev-curved-sofa-wall,b1,0.04,49,curved-sofa,evaluated,0.9898214393201288,0.9986170341069901,0.9911801342197712,0.0013726666706428666,0.008819865780228682,3.9065917713124243,3.872136156231303,0.005362448320288244,0.0344556150811214,0,37.2287034307383,37.17626444840957,0.05243898232873079,0.9985914367813993,0.016452465160188612,0.03598651716853652
dev-curved-sofa-wall,b1,0.04,49,curved-ottoman,evaluated,0.9866521375566569,0.9870075208663962,0.9996352006587703,0.013158703668614635,0.0003647993412297343,1.0008193322444132,1.0004542340113205,0.013169485018825009,0.00036509823309274455,0,37.2287034307383,37.17626444840957,0.05243898232873079,0.9985914367813993,0.016452465160188612,0.03598651716853652
dev-curved-sofa-wall,b1,0.04,49,curved-roundtable,evaluated,0.9740519939703381,0.9866631713828615,0.9870478229397527,0.013342027992204263,0.012952177060247308,1.15044048423888,1.1355397753897414,0.015349209144080164,0.014900708849138626,0,37.2287034307383,37.17626444840957,0.05243898232873079,0.9985914367813993,0.016452465160188612,0.03598651716853652
dev-curved-sofa-wall,b1,0.04,49,curved-lamp,evaluated,0.9526057159143485,0.9962441967829582,0.9560391275528268,0.0036042316155775757,0.043960872447173116,0.43160126234459506,0.4126276943026254,0.001555590915065581,0.018973568041969646,0,37.2287034307383,37.17626444840957,0.05243898232873079,0.9985914367813993,0.016452465160188612,0.03598651716853652
dev-curved-sofa-wall,b1,0.08,7,curved-sofa,evaluated,0.9896646543356,0.998511444762876,0.9911269299728199,0.0014775465919833338,0.008873070027180035,3.9124373402827706,3.8777220097854874,0.0057808084584831465,0.03471533049728302,0,37.2287034307383,37.210838091056786,0.017865339681513603,0.9995201192081602,0.017416170124277208,0.0004491695572333009
dev-curved-sofa-wall,b1,0.08,7,curved-ottoman,evaluated,0.9876268660291401,0.9878671787157536,0.9997537488381883,0.012278810172313113,0.0002462511618115776,1.0042179087447993,1.0039706189180588,0.012330601073114643,0.00024728982674039965,0,37.2287034307383,37.210838091056786,0.017865339681513603,0.9995201192081602,0.017416170124277208,0.0004491695572333009
dev-curved-sofa-wall,b1,0.08,7,curved-roundtable,evaluated,0.9709935253734238,0.986556178375279,0.9840137483310375,0.01340917587746679,0.015986251668962555,1.1649503967793207,1.1463272065545487,0.015621024758938633,0.018623190224772004,0,37.2287034307383,37.210838091056786,0.017865339681513603,0.9995201192081602,0.017416170124277208,0.0004491695572333009
dev-curved-sofa-wall,b1,0.08,7,curved-lamp,evaluated,0.9554504575435497,0.9974102603320336,0.9578266267105371,0.002486962194875571,0.04217337328946293,0.4429776787042487,0.42429581570135466,0.001101668740111204,0.018681863002894056,0,37.2287034307383,37.210838091056786,0.017865339681513603,0.9995201192081602,0.017416170124277208,0.0004491695572333009
dev-curved-sofa-wall,b1,0.08,49,curved-sofa,evaluated,0.9896024144370107,0.9983820668098902,0.991191994271052,0.0016062812810997168,0.008808005728948036,3.911852028874251,3.8773964137931296,0.006283534688412659,0.0344556150811214,0,37.2287034307383,37.21119794605306,0.017505484685237604,0.9995297852712544,0.01707328687463312,0.00043219781060824974
dev-curved-sofa-wall,b1,0.08,49,curved-ottoman,evaluated,0.9866142581840985,0.9869684824219084,0.9996363616755637,0.013198778938622768,0.0003636383244363617,1.0040147271568411,1.0036496289237484,0.0132517684348648,0.00036509823309274455,0,37.2287034307383,37.21119794605306,0.017505484685237604,0.9995297852712544,0.01707328687463312,0.00043219781060824974
dev-curved-sofa-wall,b1,0.08,49,curved-roundtable,evaluated,0.9713133397112567,0.9867790569119786,0.9841204192983001,0.01318532245305164,0.0158795807017,1.1641132933027138,1.1456276623157917,0.015349209144080164,0.018485630986922207,0,37.2287034307383,37.21119794605306,0.017505484685237604,0.9995297852712544,0.01707328687463312,0.00043219781060824974
dev-curved-sofa-wall,b1,0.08,49,curved-lamp,evaluated,0.9538627578670217,0.9963482491354546,0.9572091954848833,0.003508300948183316,0.042790804515116694,0.44340292866582726,0.4244293606238576,0.001555590915065581,0.018973568041969646,0,37.2287034307383,37.21119794605306,0.017505484685237604,0.9995297852712544,0.01707328687463312,0.00043219781060824974
dev-curved-sofa-wall,b1,0.12,7,curved-sofa,evaluated,0.9896646543356,0.998511444762876,0.9911269299728199,0.0014775465919833338,0.008873070027180035,3.9124373402827706,3.8777220097854874,0.0057808084584831465,0.03471533049728302,0,37.2287034307383,37.21128726061402,0.017416170124278096,0.9995321843491896,0.017416170124277208,0.0
dev-curved-sofa-wall,b1,0.12,7,curved-ottoman,evaluated,0.9876268660291401,0.9878671787157536,0.9997537488381883,0.012278810172313113,0.0002462511618115776,1.0042179087447993,1.0039706189180588,0.012330601073114643,0.00024728982674039965,0,37.2287034307383,37.21128726061402,0.017416170124278096,0.9995321843491896,0.017416170124277208,0.0
dev-curved-sofa-wall,b1,0.12,7,curved-roundtable,evaluated,0.9710018307271127,0.9865600893897074,0.9840183869958685,0.013405284992108297,0.015981613004131517,1.1652885237527397,1.1466653335279677,0.015621024758938633,0.018623190224772004,0,37.2287034307383,37.21128726061402,0.017416170124278096,0.9995321843491896,0.017416170124277208,0.0
dev-curved-sofa-wall,b1,0.12,7,curved-lamp,evaluated,0.9554615944263216,0.9974109361619309,0.9578371957909791,0.002486338936609902,0.04216280420902095,0.4430887212880631,0.42440685828516905,0.001101668740111204,0.018681863002894056,0,37.2287034307383,37.21128726061402,0.017416170124278096,0.9995321843491896,0.017416170124277208,0.0
dev-curved-sofa-wall,b1,0.12,49,curved-sofa,evaluated,0.9896024144370107,0.9983820668098902,0.991191994271052,0.0016062812810997168,0.008808005728948036,3.911852028874251,3.8773964137931296,0.006283534688412659,0.0344556150811214,0,37.2287034307383,37.21163014386367,0.01707328687462706,0.9995413945342901,0.01707328687463312,0.0
dev-curved-sofa-wall,b1,0.12,49,curved-ottoman,evaluated,0.9866142581840985,0.9869684824219084,0.9996363616755637,0.013198778938622768,0.0003636383244363617,1.0040147271568411,1.0036496289237484,0.0132517684348648,0.00036509823309274455,0,37.2287034307383,37.21163014386367,0.01707328687462706,0.9995413945342901,0.01707328687463312,0.0
dev-curved-sofa-wall,b1,0.12,49,curved-roundtable,evaluated,0.9713214844628864,0.9867828703693633,0.9841249872778338,0.013181529513915307,0.015875012722166203,1.1644482628420707,1.1459626318551486,0.015349209144080164,0.018485630986922207,0,37.2287034307383,37.21163014386367,0.01707328687462706,0.9995413945342901,0.01707328687463312,0.0
dev-curved-sofa-wall,b1,0.12,49,curved-lamp,evaluated,0.9538728371533011,0.9963490824334437,0.9572185764870845,0.0035075318254876755,0.04278142351291552,0.44350015693707834,0.4245265888951087,0.001555590915065581,0.018973568041969646,0,37.2287034307383,37.21163014386367,0.01707328687462706,0.9995413945342901,0.01707328687463312,0.0
dev-curved-sofa-wall,b2,0.04,7,curved-sofa,evaluated,0.9890330607791178,0.9986817679062093,0.9903259273846999,0.0013072026172346845,0.00967407261530014,3.9077110327456523,3.8699075524552615,0.005108170089401969,0.03780348029039094,0.004743245900637799,37.2287034307383,37.17783213711068,0.05087129362762255,0.9986335464590577,0.016570839057345924,0.03430045457027695
dev-curved-sofa-wall,b2,0.04,7,curved-ottoman,evaluated,0.9887755698101437,0.9897036994486237,0.9990524677135201,0.010393559688524283,0.0009475322864799545,1.0012591988881563,1.0003104734700747,0.010406647247328059,0.0009487254180815822,0.0007014355913411825,37.2287034307383,37.17783213711068,0.05087129362762255,0.9986335464590577,0.016570839057345924,0.03430045457027695
dev-curved-sofa-wall,b2,0.04,7,curved-roundtable,evaluated,0.9709944148036367,0.9883384320442159,0.9822479540185423,0.011589705402354235,0.017752045981457742,1.1515782427672405,1.1311353728503901,0.013346452581433084,0.020442869916850362,0.0069661010217381405,37.2287034307383,37.17783213711068,0.05087129362762255,0.9986335464590577,0.016570839057345924,0.03430045457027695
dev-curved-sofa-wall,b2,0.04,7,curved-lamp,evaluated,0.948621234429884,0.9977658998703275,0.9506404519650917,0.0021285814210359444,0.04935954803490837,0.43189288786313673,0.41057485011872097,0.0009193191769830333,0.02131803774441579,0.004306443895686995,37.2287034307383,37.17783213711068,0.05087129362762255,0.9986335464590577,0.016570839057345924,0.03430045457027695
dev-curved-sofa-wall,b2,0.04,49,curved-sofa,evaluated,0.9890320257381371,0.9986159317958421,0.9903896370360663,0.0013726666706428685,0.009610362963933772,3.906591771312419,3.86904800643819,0.005362448320288244,0.0375437648742293,0.004666757795732878,37.2287034307383,37.17626444840957,0.05243898232873079,0.9985914367813993,0.016452465160188612,0.03598651716853652
dev-curved-sofa-wall,b2,0.04,49,curved-ottoman,evaluated,0.9875355701028085,0.9885743785868554,0.9989370532397718,0.011545389839250433,0.00106294676022828,1.0008193322444137,0.9997555145776307,0.011554849349420056,0.0010638176667830302,0.0007649935421075189,37.2287034307383,37.17626444840957,0.05243898232873079,0.9985914367813993,0.016452465160188612,0.03598651716853652
dev-curved-sofa-wall,b2,0.04,49,curved-roundtable,evaluated,0.9712500994474308,0.9884496818835153,0.9823996836030613,0.011479622150848506,0.01760031639693861,1.1504404842388793,1.1301923677204277,0.013206622066101521,0.020248116518451546,0.006955365922718713,37.2287034307383,37.17626444840957,0.05243898232873079,0.9985914367813993,0.016452465160188612,0.03598651716853652
dev-curved-sofa-wall,b2,0.04,49,curved-lamp,evaluated,0.9468851109073886,0.9967245499480056,0.9498406988610902,0.0031213796897379296,0.05015930113890971,0.43160126234459517,0.40995244465471903,0.0013471914143476712,0.02164881768987612,0.004268920229872238,37.2287034307383,37.17626444840957,0.05243898232873079,0.9985914367813993,0.016452465160188612,0.03598651716853652
dev-curved-sofa-wall,b2,0.08,7,curved-sofa,evaluated,0.9888765027636668,0.9985102601261966,0.9903376138702177,0.001477546591983334,0.00966238612978239,3.9124373402827697,3.874633859992379,0.0057808084584831465,0.03780348029039094,0.004743245900637799,37.2287034307383,37.210838091056786,0.017865339681513603,0.9995201192081602,0.017416170124277208,0.0004491695572333009
dev-curved-sofa-wall,b2,0.08,7,curved-ottoman,evaluated,0.9887160048102944,0.9896412832269901,0.9990552594115082,0.010457254207387528,0.0009447405884918159,1.004217908744799,1.0032691833267176,0.010501361951355455,0.0009487254180815822,0.0007014355913411825,37.2287034307383,37.210838091056786,0.017865339681513603,0.9995201192081602,0.017416170124277208,0.0004491695572333009
dev-curved-sofa-wall,b2,0.08,7,curved-roundtable,evaluated,0.9682789193240449,0.9884372862502797,0.979372171635978,0.011456670273971615,0.020627828364021935,1.1649503967793209,1.1409199999419577,0.013346452581433084,0.024030396837363084,0.008342315138399082,37.2287034307383,37.210838091056786,0.017865339681513603,0.9995201192081602,0.017416170124277208,0.0004491695572333009
dev-curved-sofa-wall,b2,0.08,7,curved-lamp,evaluated,0.9499042412371785,0.9978245031965497,0.9518755938069543,0.002075317157451654,0.04812440619304579,0.44297767870424865,0.4216596409598329,0.0009193191769830333,0.02131803774441579,0.004306443895686995,37.2287034307383,37.210838091056786,0.017865339681513603,0.9995201192081602,0.017416170124277208,0.0004491695572333009
dev-curved-sofa-wall,b2,0.08,49,curved-sofa,evaluated,0.9888142462526767,0.9983807792691475,0.9904025600669171,0.0016062812810997188,0.009597439933082963,3.9118520288742467,3.8743082640000175,0.006283534688412659,0.0375437648742293,0.004666757795732878,37.2287034307383,37.21119794605306,0.017505484685237604,0.9995297852712544,0.01707328687463312,0.00043219781060824974
dev-curved-sofa-wall,b2,0.08,49,curved-ottoman,evaluated,0.9875484735879214,0.9885839960393463,0.9989404361928081,0.011535598413207959,0.0010595638071918905,1.0040147271568416,1.0029509094900586,0.011581910693427884,0.0010638176667830302,0.0007649935421075189,37.2287034307383,37.21119794605306,0.017505484685237604,0.9995297852712544,0.01707328687463312,0.00043219781060824974
dev-curved-sofa-wall,b2,0.08,49,curved-roundtable,evaluated,0.9685390009641234,0.988550695865964,0.9795268735497228,0.011344791045752027,0.020473126450277206,1.164113293302713,1.1402802546464779,0.013206622066101521,0.02383303865623508,0.00833293739166645,37.2287034307383,37.21119794605306,0.017505484685237604,0.9995297852712544,0.01707328687463312,0.00043219781060824974
dev-curved-sofa-wall,b2,0.08,49,curved-lamp,evaluated,0.9482945409883682,0.9968159128635701,0.9511757449256907,0.0030383006679754877,0.04882425507430927,0.4434029286658275,0.42175411097595134,0.0013471914143476712,0.02164881768987612,0.004268920229872238,37.2287034307383,37.21119794605306,0.017505484685237604,0.9995297852712544,0.01707328687463312,0.00043219781060824974
dev-curved-sofa-wall,b2,0.12,7,curved-sofa,evaluated,0.9888765027636668,0.9985102601261966,0.9903376138702177,0.001477546591983334,0.00966238612978239,3.9124373402827697,3.874633859992379,0.0057808084584831465,0.03780348029039094,0.004743245900637799,37.2287034307383,37.21128726061402,0.017416170124278096,0.9995321843491896,0.017416170124277208,0.0
dev-curved-sofa-wall,b2,0.12,7,curved-ottoman,evaluated,0.9887160048102944,0.9896412832269901,0.9990552594115082,0.010457254207387528,0.0009447405884918159,1.004217908744799,1.0032691833267176,0.010501361951355455,0.0009487254180815822,0.0007014355913411825,37.2287034307383,37.21128726061402,0.017416170124278096,0.9995321843491896,0.017416170124277208,0.0
dev-curved-sofa-wall,b2,0.12,7,curved-roundtable,evaluated,0.9682880194722823,0.9884406724012392,0.9793781571280091,0.011453345939125583,0.020621842871990776,1.1652885237527395,1.1412581269153763,0.013346452581433084,0.024030396837363084,0.008342315138399082,37.2287034307383,37.21128726061402,0.017416170124278096,0.9995321843491896,0.017416170124277208,0.0
dev-curved-sofa-wall,b2,0.12,7,curved-lamp,evaluated,0.9499167697546473,0.9978250747094423,0.9518876542773553,0.002074797061659714,0.04811234572264456,0.4430887212880631,0.4217706835436473,0.0009193191769830333,0.02131803774441579,0.004306443895686995,37.2287034307383,37.21128726061402,0.017416170124278096,0.9995321843491896,0.017416170124277208,0.0
dev-curved-sofa-wall,b2,0.12,49,curved-sofa,evaluated,0.9888142462526767,0.9983807792691475,0.9904025600669171,0.0016062812810997188,0.009597439933082963,3.9118520288742467,3.8743082640000175,0.006283534688412659,0.0375437648742293,0.004666757795732878,37.2287034307383,37.21163014386367,0.01707328687462706,0.9995413945342901,0.01707328687463312,0.0
dev-curved-sofa-wall,b2,0.12,49,curved-ottoman,evaluated,0.9875484735879214,0.9885839960393463,0.9989404361928081,0.011535598413207959,0.0010595638071918905,1.0040147271568416,1.0029509094900586,0.011581910693427884,0.0010638176667830302,0.0007649935421075189,37.2287034307383,37.21163014386367,0.01707328687462706,0.9995413945342901,0.01707328687463312,0.0
dev-curved-sofa-wall,b2,0.12,49,curved-roundtable,evaluated,0.9685479496607999,0.9885540197483677,0.9795327629257947,0.01134152756075922,0.02046723707420524,1.164448262842069,1.1406152241858338,0.013206622066101521,0.02383303865623508,0.00833293739166645,37.2287034307383,37.21163014386367,0.01707328687462706,0.9995413945342901,0.01707328687463312,0.0
dev-curved-sofa-wall,b2,0.12,49,curved-lamp,evaluated,0.9483058420164907,0.9968166443956179,0.9511864486376099,0.0030376345831571003,0.04881355136239002,0.44350015693707856,0.4218513392472024,0.0013471914143476712,0.02164881768987612,0.004268920229872238,37.2287034307383,37.21163014386367,0.01707328687462706,0.9995413945342901,0.01707328687463312,0.0
dev-occluded-bookshelf,b0,0.04,7,occluded-shelf,evaluated,0.6632753706192727,1.0,0.6632753706192727,0.0,0.33672462938072745,4.370018131529664,2.898525395803279,0,1.471492735726385,0,28.193635243956592,27.232407090311717,0.9612281536448748,0.9659062002708246,0.020593795563036754,0.9406343580818364
dev-occluded-bookshelf,b0,0.04,7,occluding-screen,evaluated,0.9588197109593576,0.999949049203627,0.9588665564972189,4.885750399773437e-05,0.041133443502781156,3.391849363036605,3.2523309188921945,0.0001657172938142737,0.13951844414441045,0,28.193635243956592,27.232407090311717,0.9612281536448748,0.9659062002708246,0.020593795563036754,0.9406343580818364
dev-occluded-bookshelf,b0,0.04,7,occluded-side-table,evaluated,0.9594879460809148,0.9972167583132007,0.9620642967403017,0.0026851308241130556,0.03793570325969833,0.7241825391937262,0.6967101652810181,0.0019445248582735354,0.027472373912708056,0,28.193635243956592,27.232407090311717,0.9612281536448748,0.9659062002708246,0.020593795563036754,0.9406343580818364
dev-occluded-bookshelf,b0,0.04,7,occluded-stool,evaluated,0.9030092365202201,1.0,0.9030092365202201,0.0,0.09699076347977999,0.5001722508134848,0.45166016233568496,0,0.0485120884777999,0,28.193635243956592,27.232407090311717,0.9612281536448748,0.9659062002708246,0.020593795563036754,0.9406343580818364
dev-occluded-bookshelf,b0,0.04,49,occluded-shelf,evaluated,0.6632299706148591,1.0,0.6632299706148591,0.0,0.336770029385141,4.370317271875003,2.8985253958032695,0,1.4717918760717341,0,28.193635243956592,27.233874893257696,0.9597603506988968,0.9659582617709923,0.021445918105156198,0.9383144325937326
dev-occluded-bookshelf,b0,0.04,49,occluding-screen,evaluated,0.9580910518443736,0.9999429400660197,0.9581434352052227,5.4674720892393386e-05,0.04185656479477723,3.3933261669126864,3.2512931903374924,0.00018552916107280622,0.1420329765751939,0,28.193635243956592,27.233874893257696,0.9597603506988968,0.9659582617709923,0.021445918105156198,0.9383144325937326
dev-occluded-bookshelf,b0,0.04,49,occluded-side-table,evaluated,0.9596211979979339,0.9969669692397244,0.962430933579176,0.002927963228724083,0.03756906642082405,0.7239631860132626,0.6967645649916989,0.0021197375875967664,0.02719862102156366,0,28.193635243956592,27.233874893257696,0.9597603506988968,0.9659582617709923,0.021445918105156198,0.9383144325937326
dev-occluded-bookshelf,b0,0.04,49,occluded-stool,evaluated,0.9034464038558369,1.0,0.9034464038558369,0.0,0.09655359614416319,0.5003108448197304,0.4520040335624611,0,0.04830681125726935,0,28.193635243956592,27.233874893257696,0.9597603506988968,0.9659582617709923,0.021445918105156198,0.9383144325937326
dev-occluded-bookshelf,b0,0.08,7,occluded-shelf,evaluated,0.663291955978458,1.0,0.663291955978458,0.0,0.336708044021542,4.370233387213765,2.89874065148738,0,1.471492735726385,0,28.193635243956592,28.139781976726447,0.05385326723014572,0.9980898785571936,0.023234870401578903,0.03061839682856705
dev-occluded-bookshelf,b0,0.08,7,occluding-screen,evaluated,0.914927340507881,0.9996225788740528,0.9152435052305439,0.00034556265690697564,0.08475649476945615,4.204845471269245,3.848457508077242,0.0014530375729350643,0.3563879631920031,0,28.193635243956592,28.139781976726447,0.05385326723014572,0.9980898785571936,0.023234870401578903,0.03061839682856705
dev-occluded-bookshelf,b0,0.08,7,occluded-side-table,evaluated,0.9522087075948841,0.9971123849306122,0.9548417553756393,0.0027652002756893565,0.045158244624360695,0.7356717083827665,0.7024500654123962,0.002034279610836886,0.033221642970370314,0,28.193635243956592,28.139781976726447,0.05385326723014572,0.9980898785571936,0.023234870401578903,0.03061839682856705
dev-occluded-bookshelf,b0,0.08,7,occluded-stool,evaluated,0.8960473833716018,1.0,0.8960473833716018,0.0,0.10395261662839811,0.5757074786167238,0.5158611798019778,0,0.059846298814745985,0,28.193635243956592,28.139781976726447,0.05385326723014572,0.9980898785571936,0.023234870401578903,0.03061839682856705
dev-occluded-bookshelf,b0,0.08,49,occluded-shelf,evaluated,0.663239272117949,1.0,0.663239272117949,0.0,0.336760727882051,4.370580533071729,2.8987406514873713,0,1.471839881584358,0,28.193635243956592,28.138070703236973,0.055564540719618805,0.9980291814007373,0.02377465909907892,0.031789881620533735
dev-occluded-bookshelf,b0,0.08,49,occluding-screen,evaluated,0.9149136241854311,0.9995841687586012,0.9152619801593206,0.0003807528543468383,0.08473801984067937,4.203629855386348,3.847422585297747,0.001600544066055939,0.3562072700886005,0,28.193635243956592,28.138070703236973,0.055564540719618805,0.9980291814007373,0.02377465909907892,0.031789881620533735
dev-occluded-bookshelf,b0,0.08,49,occluded-side-table,evaluated,0.9520684130235851,0.9967334732183459,0.955048306059257,0.0031299148201000804,0.04495169394074307,0.735630804231044,0.7025629534658674,0.0023024617562848854,0.03306785076517657,0,28.193635243956592,28.138070703236973,0.055564540719618805,0.9980291814007373,0.02377465909907892,0.031789881620533735
dev-occluded-bookshelf,b0,0.08,49,occluded-stool,evaluated,0.8968885883686594,1.0,0.8968885883686594,0.0,0.10311141163134074,0.5750164542896316,0.5157256959765794,0,0.05929075831305223,0,28.193635243956592,28.138070703236973,0.055564540719618805,0.9980291814007373,0.02377465909907892,0.031789881620533735
dev-occluded-bookshelf,b0,0.12,7,occluded-shelf,evaluated,0.663291955978458,1.0,0.663291955978458,0.0,0.336708044021542,4.370233387213765,2.89874065148738,0,1.471492735726385,0,28.193635243956592,28.17040037355501,0.023234870401580565,0.9991758824216695,0.023234870401578903,0.0
dev-occluded-bookshelf,b0,0.12,7,occluding-screen,evaluated,0.9116057076012399,0.9996237113374427,0.9119186379699792,0.00034327381468748664,0.08808136203002084,4.2328820631363815,3.8600440457028844,0.0014530375729350643,0.37283801743349715,0,28.193635243956592,28.17040037355501,0.023234870401580565,0.9991758824216695,0.023234870401578903,0.0
dev-occluded-bookshelf,b0,0.12,7,occluded-side-table,evaluated,0.9522087075948841,0.9971123849306122,0.9548417553756393,0.0027652002756893565,0.045158244624360695,0.7356717083827665,0.7024500654123962,0.002034279610836886,0.033221642970370314,0,28.193635243956592,28.17040037355501,0.023234870401580565,0.9991758824216695,0.023234870401578903,0.0
dev-occluded-bookshelf,b0,0.12,7,occluded-stool,evaluated,0.8965114856625943,1.0,0.8965114856625943,0.0,0.10348851433740563,0.5782892835781556,0.5184429847634096,0,0.059846298814745985,0,28.193635243956592,28.17040037355501,0.023234870401580565,0.9991758824216695,0.023234870401578903,0.0
dev-occluded-bookshelf,b0,0.12,49,occluded-shelf,evaluated,0.663239272117949,1.0,0.663239272117949,0.0,0.336760727882051,4.370580533071729,2.8987406514873713,0,1.471839881584358,0,28.193635243956592,28.169860584857513,0.023774659099078832,0.999156736657286,0.02377465909907892,0.0
dev-occluded-bookshelf,b0,0.12,49,occluding-screen,evaluated,0.9116237569181416,0.9995855347269856,0.911968474667299,0.00037813598706854597,0.08803152533270092,4.232720822114725,3.860107951836482,0.001600544066055939,0.3726128702782431,0,28.193635243956592,28.169860584857513,0.023774659099078832,0.999156736657286,0.02377465909907892,0.0
dev-occluded-bookshelf,b0,0.12,49,occluded-side-table,evaluated,0.9520684130235851,0.9967334732183459,0.955048306059257,0.0031299148201000804,0.04495169394074307,0.735630804231044,0.7025629534658674,0.0023024617562848854,0.03306785076517657,0,28.193635243956592,28.169860584857513,0.023774659099078832,0.999156736657286,0.02377465909907892,0.0
dev-occluded-bookshelf,b0,0.12,49,occluded-stool,evaluated,0.8973702943076886,1.0,0.8973702943076886,0.0,0.10262970569231149,0.5777153691817905,0.5184246108687383,0,0.05929075831305223,0,28.193635243956592,28.169860584857513,0.023774659099078832,0.999156736657286,0.02377465909907892,0.0
dev-occluded-bookshelf,b1,0.04,7,occluded-shelf,evaluated,0.7240014163351337,1.0,0.7240014163351337,0.0,0.2759985836648663,4.370018131529668,3.163899316637694,0,1.2061188148919737,0,28.193635243956592,27.232407090311717,0.9612281536448748,0.9659062002708246,0.020593795563036754,0.9406343580818364
dev-occluded-bookshelf,b1,0.04,7,occluding-screen,evaluated,0.9858089554500965,0.9923724583792359,0.9933355517362653,0.007634944118287506,0.006664448263734695,3.3918493630366022,3.3692445584382633,0.02589658034443353,0.022604804598338912,0.0052683413032956535,28.193635243956592,27.232407090311717,0.9612281536448748,0.9659062002708246,0.020593795563036754,0.9406343580818364
dev-occluded-bookshelf,b1,0.04,7,occluded-side-table,evaluated,0.9807413404327581,0.9916472629228171,0.9889106078231112,0.008329685976883942,0.011089392176888719,0.7241825391937263,0.716151795008952,0.006032213141426187,0.008030744184774317,0,28.193635243956592,27.232407090311717,0.9612281536448748,0.9659062002708246,0.020593795563036754,0.9406343580818364
dev-occluded-bookshelf,b1,0.04,7,occluded-stool,evaluated,0.9377445284830009,0.9911590067911111,0.9456544970221248,0.008435099644803802,0.05434550297787527,0.5001722508134848,0.47299013826745,0.004219002775177544,0.027182112546034816,0.021756827216292254,28.193635243956592,27.232407090311717,0.9612281536448748,0.9659062002708246,0.020593795563036754,0.9406343580818364
dev-occluded-bookshelf,b1,0.04,49,occluded-shelf,evaluated,0.7239518597422715,1.0,0.7239518597422715,0.0,0.2760481402577286,4.370317271874999,3.163899316637676,0,1.2064179552373235,0,28.193635243956592,27.233874893257696,0.9597603506988968,0.9659582617709923,0.021445918105156198,0.9383144325937326
dev-occluded-bookshelf,b1,0.04,49,occluding-screen,evaluated,0.9851230863897245,0.9922778868817588,0.9927338136300725,0.0077256612351252335,0.007266186369927496,3.393326166912671,3.3686696265699316,0.02621568842585332,0.024656540342739165,0.005250303949908514,28.193635243956592,27.233874893257696,0.9597603506988968,0.9659582617709923,0.021445918105156198,0.9383144325937326
dev-occluded-bookshelf,b1,0.04,49,occluded-side-table,evaluated,0.9803642275680042,0.9910476080051152,0.9891237953650917,0.008935013692632691,0.01087620463490834,0.7239631860132593,0.7160892142540388,0.00646862097999046,0.00787397175922042,0,28.193635243956592,27.233874893257696,0.9597603506988968,0.9659582617709923,0.021445918105156198,0.9383144325937326
dev-occluded-bookshelf,b1,0.04,49,occluded-stool,evaluated,0.9383698416308178,0.9913325566620358,0.946132268796985,0.008272247062711116,0.05386773120301502,0.5003108448197333,0.47336023471303057,0.004138694916502555,0.02695061010670275,0.02161564598133448,28.193635243956592,27.233874893257696,0.9597603506988968,0.9659582617709923,0.021445918105156198,0.9383144325937326
dev-occluded-bookshelf,b1,0.08,7,occluded-shelf,evaluated,0.7240150106351799,1.0,0.7240150106351799,0.0,0.2759849893648201,4.370233387213769,3.1641145723217954,0,1.2061188148919737,0,28.193635243956592,28.139781976726447,0.05385326723014572,0.9980898785571936,0.023234870401578903,0.03061839682856705
dev-occluded-bookshelf,b1,0.08,7,occluding-screen,evaluated,0.9508640791719987,0.9922689193645845,0.9579611172920314,0.007463777710703787,0.04203888270796852,4.204845471269232,4.028078465697412,0.03138403190541306,0.17676700557181985,0.0052683413032956535,28.193635243956592,28.139781976726447,0.05385326723014572,0.9980898785571936,0.023234870401578903,0.03061839682856705
dev-occluded-bookshelf,b1,0.08,7,occluded-side-table,evaluated,0.9731704626597532,0.9915908612642329,0.981268800899345,0.008321602997956134,0.018731199100654978,0.7356717083827662,0.7218916951403296,0.006121967893989538,0.013780013242436582,0,28.193635243956592,28.139781976726447,0.05385326723014572,0.9980898785571936,0.023234870401578903,0.03061839682856705
dev-occluded-bookshelf,b1,0.08,7,occluded-stool,evaluated,0.9311039973089906,0.9909140535576542,0.9391217801372156,0.00861104973386149,0.06087821986278432,0.5757074786167233,0.5406594321568452,0.004957445730524605,0.035048046459878086,0.021853938766251715,28.193635243956592,28.139781976726447,0.05385326723014572,0.9980898785571936,0.023234870401578903,0.03061839682856705
dev-occluded-bookshelf,b1,0.08,49,occluded-shelf,evaluated,0.7239575036723964,1.0,0.7239575036723964,0.0,0.2760424963276036,4.370580533071726,3.164114572321778,0,1.2064659607499475,0,28.193635243956592,28.138070703236973,0.055564540719618805,0.9980291814007373,0.02377465909907892,0.031789881620533735
dev-occluded-bookshelf,b1,0.08,49,occluding-screen,evaluated,0.9507425164385678,0.9921486688920412,0.9579498099728923,0.007580699726486094,0.04205019002710783,4.203629855386358,4.026866421163738,0.03186645569497614,0.17676343422262014,0.005264177028474152,28.193635243956592,28.138070703236973,0.055564540719618805,0.9980291814007373,0.02377465909907892,0.031789881620533735
dev-occluded-bookshelf,b1,0.08,49,occluded-side-table,evaluated,0.9725245357596778,0.9908702957226075,0.9813178004186499,0.009041689269158966,0.018682199581350027,0.7356308042310405,0.7218876027282072,0.006651345148678579,0.013743201502833329,0,28.193635243956592,28.138070703236973,0.055564540719618805,0.9980291814007373,0.02377465909907892,0.031789881620533735
dev-occluded-bookshelf,b1,0.08,49,occluded-stool,evaluated,0.9314886421601472,0.9910203523739964,0.9394175423456737,0.008512073928393966,0.06058245765432646,0.5750164542896404,0.5401805442970974,0.004894582568956389,0.03483590999254309,0.021801364693306766,28.193635243956592,28.138070703236973,0.055564540719618805,0.9980291814007373,0.02377465909907892,0.031789881620533735
dev-occluded-bookshelf,b1,0.12,7,occluded-shelf,evaluated,0.7240150106351799,1.0,0.7240150106351799,0.0,0.2759849893648201,4.370233387213769,3.1641145723217954,0,1.2061188148919737,0,28.193635243956592,28.17040037355501,0.023234870401580565,0.9991758824216695,0.023234870401578903,0.0
dev-occluded-bookshelf,b1,0.12,7,occluding-screen,evaluated,0.9487503628026585,0.9923023791316806,0.9557847217128163,0.007414341207077944,0.0442152782871837,4.2328820631363655,4.045724004757963,0.03138403190541306,0.18715805837840266,0.0052683413032956535,28.193635243956592,28.17040037355501,0.023234870401580565,0.9991758824216695,0.023234870401578903,0.0
dev-occluded-bookshelf,b1,0.12,7,occluded-side-table,evaluated,0.9731704626597532,0.9915908612642329,0.981268800899345,0.008321602997956134,0.018731199100654978,0.7356717083827662,0.7218916951403296,0.006121967893989538,0.013780013242436582,0,28.193635243956592,28.17040037355501,0.023234870401580565,0.9991758824216695,0.023234870401578903,0.0
dev-occluded-bookshelf,b1,0.12,7,occluded-stool,evaluated,0.9314089729438841,0.9909568448709828,0.9393935743664158,0.008572605219053163,0.060606425633584135,0.5782892835781548,0.5432412371182767,0.004957445730524605,0.035048046459878086,0.021853938766251715,28.193635243956592,28.17040037355501,0.023234870401580565,0.9991758824216695,0.023234870401578903,0.0
dev-occluded-bookshelf,b1,0.12,49,occluded-shelf,evaluated,0.7239575036723964,1.0,0.7239575036723964,0.0,0.2760424963276036,4.370580533071726,3.164114572321778,0,1.2064659607499475,0,28.193635243956592,28.169860584857513,0.023774659099078832,0.999156736657286,0.02377465909907892,0.0
dev-occluded-bookshelf,b1,0.12,49,occluding-screen,evaluated,0.9485518036438464,0.9921839398281548,0.9556930693439792,0.007528598514809472,0.0443069306560207,4.232720822114738,4.045181954163005,0.03186645569497614,0.1875388679517326,0.005264177028474152,28.193635243956592,28.169860584857513,0.023774659099078832,0.999156736657286,0.02377465909907892,0.0
dev-occluded-bookshelf,b1,0.12,49,occluded-side-table,evaluated,0.9725245357596778,0.9908702957226075,0.9813178004186499,0.009041689269158966,0.018682199581350027,0.7356308042310405,0.7218876027282072,0.006651345148678579,0.013743201502833329,0,28.193635243956592,28.169860584857513,0.023774659099078832,0.999156736657286,0.02377465909907892,0.0
dev-occluded-bookshelf,b1,0.12,49,occluded-stool,evaluated,0.9318060180020812,0.9910645956255137,0.9397005656230332,0.008472308043125869,0.06029943437696685,0.5777153691817993,0.5428794591892563,0.004894582568956389,0.03483590999254309,0.021801364693306766,28.193635243956592,28.169860584857513,0.023774659099078832,0.999156736657286,0.02377465909907892,0.0
dev-occluded-bookshelf,b2,0.04,7,occluded-shelf,evaluated,0.7210873549954772,1.0,0.7210873549954772,0.0,0.27891264500452284,4.370018131529665,3.1511648157470034,0,1.2188533157826618,0.01743227376471886,28.193635243956592,27.232407090311717,0.9612281536448748,0.9659062002708246,0.020593795563036754,0.9406343580818364
dev-occluded-bookshelf,b2,0.04,7,occluding-screen,evaluated,0.9866907321883819,0.9938951322994067,0.9927071486575559,0.006097570670224224,0.007292851342444074,3.391849363036601,3.367113109856011,0.020682041193870696,0.024736253180589553,0.0121082435806847,28.193635243956592,27.232407090311717,0.9612281536448748,0.9659062002708246,0.020593795563036754,0.9406343580818364
dev-occluded-bookshelf,b2,0.04,7,occluded-side-table,evaluated,0.9807413404327581,0.9916472629228171,0.9889106078231112,0.008329685976883942,0.011089392176888719,0.7241825391937263,0.716151795008952,0.006032213141426187,0.008030744184774317,0,28.193635243956592,27.232407090311717,0.9612281536448748,0.9659062002708246,0.020593795563036754,0.9406343580818364
dev-occluded-bookshelf,b2,0.04,7,occluded-stool,evaluated,0.9345425462569068,0.9911289839994576,0.9424255057568924,0.008435099644803807,0.05757449424310744,0.5001722508134845,0.4713750864384614,0.004219002775177544,0.028797164375023054,0.02375032032843863,28.193635243956592,27.232407090311717,0.9612281536448748,0.9659062002708246,0.020593795563036754,0.9406343580818364
dev-occluded-bookshelf,b2,0.04,49,occluded-shelf,evaluated,0.7210379978648647,1.0,0.7210379978648647,0.0,0.27896200213513533,4.370317271875002,3.1511648157469887,0,1.219152456128013,0.01743227376471884,28.193635243956592,27.233874893257696,0.9597603506988968,0.9659582617709923,0.021445918105156198,0.9383144325937326
dev-occluded-bookshelf,b2,0.04,49,occluding-screen,evaluated,0.9858804269242242,0.9937844499670136,0.9919971956286796,0.00620437178526681,0.008002804371320458,3.3933261669126735,3.366170041430789,0.021053457128200566,0.027156125481884837,0.012854841805508603,28.193635243956592,27.233874893257696,0.9597603506988968,0.9659582617709923,0.021445918105156198,0.9383144325937326
dev-occluded-bookshelf,b2,0.04,49,occluded-side-table,evaluated,0.9803642275680042,0.9910476080051152,0.9891237953650917,0.008935013692632691,0.01087620463490834,0.7239631860132593,0.7160892142540388,0.00646862097999046,0.00787397175922042,0,28.193635243956592,27.233874893257696,0.9597603506988968,0.9659582617709923,0.021445918105156198,0.9383144325937326
dev-occluded-bookshelf,b2,0.04,49,occluded-stool,evaluated,0.9350362880566438,0.9913019246210889,0.9427711392440487,0.008272247062711133,0.05722886075595139,0.5003108448197322,0.4716786251468514,0.004138694916502555,0.02863221967288086,0.023689212590783517,28.193635243956592,27.233874893257696,0.9597603506988968,0.9659582617709923,0.021445918105156198,0.9383144325937326
dev-occluded-bookshelf,b2,0.08,7,occluded-shelf,evaluated,0.7211010928275071,1.0,0.7211010928275071,0.0,0.27889890717249294,4.370233387213767,3.151380071431105,0,1.2188533157826618,0.01743227376471886,28.193635243956592,28.139781976726447,0.05385326723014572,0.9980898785571936,0.023234870401578903,0.03061839682856705
dev-occluded-bookshelf,b2,0.08,7,occluding-screen,evaluated,0.9481712779368432,0.9935311424917004,0.9540611942923454,0.006211869619503931,0.04593880570765476,4.204845471269236,4.011679892133887,0.026119951837686055,0.19316557913534943,0.042760983737895816,28.193635243956592,28.139781976726447,0.05385326723014572,0.9980898785571936,0.023234870401578903,0.03061839682856705
dev-occluded-bookshelf,b2,0.08,7,occluded-side-table,evaluated,0.9731704626597532,0.9915908612642329,0.981268800899345,0.008321602997956134,0.018731199100654978,0.7356717083827662,0.7218916951403296,0.006121967893989538,0.013780013242436582,0,28.193635243956592,28.139781976726447,0.05385326723014572,0.9980898785571936,0.023234870401578903,0.03061839682856705
dev-occluded-bookshelf,b2,0.08,7,occluded-stool,evaluated,0.9277970976212476,0.9908819642676902,0.9357864045717965,0.008611049733861492,0.0642135954282035,0.5757074786167232,0.5387392314998378,0.004957445730524605,0.03696824711688538,0.024436411668785747,28.193635243956592,28.139781976726447,0.05385326723014572,0.9980898785571936,0.023234870401578903,0.03061839682856705
dev-occluded-bookshelf,b2,0.08,49,occluded-shelf,evaluated,0.7210438173109787,1.0,0.7210438173109787,0.0,0.2789561826890213,4.370580533071728,3.1513800714310904,0,1.219200461640637,0.01743227376471884,28.193635243956592,28.138070703236973,0.055564540719618805,0.9980291814007373,0.02377465909907892,0.031789881620533735
dev-occluded-bookshelf,b2,0.08,49,occluding-screen,evaluated,0.948068015758775,0.9934296718899486,0.9540502120370506,0.006309880914491048,0.04594978796294939,4.203629855386357,4.01047395485663,0.02652440379608714,0.1931559005297267,0.04290938999949525,28.193635243956592,28.138070703236973,0.055564540719618805,0.9980291814007373,0.02377465909907892,0.031789881620533735
dev-occluded-bookshelf,b2,0.08,49,occluded-side-table,evaluated,0.9725245357596778,0.9908702957226075,0.9813178004186499,0.009041689269158966,0.018682199581350027,0.7356308042310405,0.7218876027282072,0.006651345148678579,0.013743201502833329,0,28.193635243956592,28.138070703236973,0.055564540719618805,0.9980291814007373,0.02377465909907892,0.031789881620533735
dev-occluded-bookshelf,b2,0.08,49,occluded-stool,evaluated,0.9282130138412703,0.9909889490897515,0.9361140316363846,0.008512073928393976,0.06388596836361546,0.5750164542896397,0.5382809712823334,0.004894582568956389,0.03673548300730625,0.024363209953596678,28.193635243956592,28.138070703236973,0.055564540719618805,0.9980291814007373,0.02377465909907892,0.031789881620533735
dev-occluded-bookshelf,b2,0.12,7,occluded-shelf,evaluated,0.7211010928275071,1.0,0.7211010928275071,0.0,0.27889890717249294,4.370233387213767,3.151380071431105,0,1.2188533157826618,0.01743227376471886,28.193635243956592,28.17040037355501,0.023234870401580565,0.9991758824216695,0.023234870401578903,0.0
dev-occluded-bookshelf,b2,0.12,7,occluding-screen,evaluated,0.9460726754831043,0.9935592889631872,0.9519106299429693,0.006170725157963031,0.04808937005703062,4.23288206313637,4.0293254311944375,0.026119951837686055,0.20355663194193216,0.04313017911930007,28.193635243956592,28.17040037355501,0.023234870401580565,0.9991758824216695,0.023234870401578903,0.0
dev-occluded-bookshelf,b2,0.12,7,occluded-side-table,evaluated,0.9731704626597532,0.9915908612642329,0.981268800899345,0.008321602997956134,0.018731199100654978,0.7356717083827662,0.7218916951403296,0.006121967893989538,0.013780013242436582,0,28.193635243956592,28.17040037355501,0.023234870401580565,0.9991758824216695,0.023234870401578903,0.0
dev-occluded-bookshelf,b2,0.12,7,occluded-stool,evaluated,0.9281167116065882,0.9909250576544143,0.9360730897723972,0.008572605219053165,0.0639269102276027,0.5782892835781547,0.5413210364612693,0.004957445730524605,0.03696824711688538,0.024436411668785747,28.193635243956592,28.17040037355501,0.023234870401580565,0.9991758824216695,0.023234870401578903,0.0
dev-occluded-bookshelf,b2,0.12,49,occluded-shelf,evaluated,0.7210438173109787,1.0,0.7210438173109787,0.0,0.2789561826890213,4.370580533071728,3.1513800714310904,0,1.219200461640637,0.01743227376471884,28.193635243956592,28.169860584857513,0.023774659099078832,0.999156736657286,0.02377465909907892,0.0
dev-occluded-bookshelf,b2,0.12,49,occluding-screen,evaluated,0.9458928223590026,0.9934593463034541,0.9518202728624677,0.006266513883340675,0.04817972713753229,4.232720822114734,4.028789487855895,0.02652440379608714,0.20393133425883925,0.04329178477173932,28.193635243956592,28.169860584857513,0.023774659099078832,0.999156736657286,0.02377465909907892,0.0
dev-occluded-bookshelf,b2,0.12,49,occluded-side-table,evaluated,0.9725245357596778,0.9908702957226075,0.9813178004186499,0.009041689269158966,0.018682199581350027,0.7356308042310405,0.7218876027282072,0.006651345148678579,0.013743201502833329,0,28.193635243956592,28.169860584857513,0.023774659099078832,0.999156736657286,0.02377465909907892,0.0
dev-occluded-bookshelf,b2,0.12,49,occluded-stool,evaluated,0.9285455638868452,0.9910335015663524,0.9364124879361725,0.008472308043125869,0.06358751206382755,0.5777153691817993,0.5409798861744931,0.004894582568956389,0.03673548300730625,0.024363209953596678,28.193635243956592,28.169860584857513,0.023774659099078832,0.999156736657286,0.02377465909907892,0.0
dev-thin-rack-noise,b0,0.04,7,thin-rack,evaluated,0.8801736856971697,1.0,0.8801736856971697,0.0,0.11982631430283039,0.5953491239263449,0.524010632682832,0,0.07133849124351292,0,51.5425711635246,51.26420537258639,0.27836579093821,0.994599303359255,0.01593942131593016,0.2624263696222849
dev-thin-rack-noise,b0,0.04,7,thin-table,evaluated,0.9549558285048193,1.0,0.9549558285048193,0.0,0.04504417149518059,1.1450293412248256,1.0934524432116808,0,0.051576898013144704,0,51.5425711635246,51.26420537258639,0.27836579093821,0.994599303359255,0.01593942131593016,0.2624263696222849
dev-thin-rack-noise,b0,0.04,7,thin-stool,evaluated,0.9657262613734752,1.0,0.9657262613734752,0.0,0.034273738626524865,0.4850832583046208,0.46845764149738517,0,0.01662561680723562,0,51.5425711635246,51.26420537258639,0.27836579093821,0.994599303359255,0.01593942131593016,0.2624263696222849
dev-thin-rack-noise,b0,0.04,7,thin-lamp,evaluated,0.8740758450316248,1.0,0.8740758450316248,0.0,0.1259241549683752,0.43782949449569175,0.3826961853810909,0,0.05513330911460087,0,51.5425711635246,51.26420537258639,0.27836579093821,0.994599303359255,0.01593942131593016,0.2624263696222849
dev-thin-rack-noise,b0,0.04,49,thin-rack,evaluated,0.8810002782370475,1.0,0.8810002782370475,0.0,0.1189997217629525,0.5962734934715889,0.5253171136538461,0,0.07095637981774275,0,51.5425711635246,51.26472439716951,0.27784676635508987,0.9946093731825371,0.016362761474203652,0.2614840048808903
dev-thin-rack-noise,b0,0.04,49,thin-table,evaluated,0.9549320601107305,1.0,0.9549320601107305,0.0,0.04506793988926941,1.1452226318197651,1.093609807089081,0,0.051612824730684084,0,51.5425711635246,51.26472439716951,0.27784676635508987,0.9946093731825371,0.016362761474203652,0.2614840048808903
dev-thin-rack-noise,b0,0.04,49,thin-stool,evaluated,0.9663915802293669,1.0,0.9663915802293669,0.0,0.033608419770633016,0.48517313629477493,0.46886723386874557,0,0.01630590242602934,0,51.5425711635246,51.26472439716951,0.27784676635508987,0.9946093731825371,0.016362761474203652,0.2614840048808903
dev-thin-rack-noise,b0,0.04,49,thin-lamp,evaluated,0.8737213396729688,1.0,0.8737213396729688,0.0,0.12627866032703117,0.4379942411542063,0.3826849151502985,0,0.0553093260039078,0,51.5425711635246,51.26472439716951,0.27784676635508987,0.9946093731825371,0.016362761474203652,0.2614840048808903
dev-thin-rack-noise,b0,0.08,7,thin-rack,evaluated,0.8813316654420308,1.0,0.8813316654420308,0.0,0.11866833455796925,0.7356726527127311,0.648371604235468,0,0.0873010484772631,0,51.5425711635246,51.52182770600143,0.020743457523167308,0.9995975470944716,0.01593942131593016,0.0048040362072405305
dev-thin-rack-noise,b0,0.08,7,thin-table,evaluated,0.9456292714877613,1.0,0.9456292714877613,0.0,0.054370728512238634,1.2036739105164986,1.1382292831105414,0,0.06544462740595716,0,51.5425711635246,51.52182770600143,0.020743457523167308,0.9995975470944716,0.01593942131593016,0.0048040362072405305
dev-thin-rack-noise,b0,0.08,7,thin-stool,evaluated,0.9680588803042571,1.0,0.9680588803042571,0.0,0.03194111969574283,0.5205082653834303,0.5038826485761947,0,0.01662561680723562,0,51.5425711635246,51.52182770600143,0.020743457523167308,0.9995975470944716,0.01593942131593016,0.0048040362072405305
dev-thin-rack-noise,b0,0.08,7,thin-lamp,evaluated,0.8751168504154352,1.0,0.8751168504154352,0.0,0.12488314958456487,0.4414791691113399,0.38634585999673904,0,0.05513330911460087,0,51.5425711635246,51.52182770600143,0.020743457523167308,0.9995975470944716,0.01593942131593016,0.0048040362072405305
dev-thin-rack-noise,b0,0.08,49,thin-rack,evaluated,0.8813916036106957,1.0,0.8813916036106957,0.0,0.11860839638930444,0.7356226240179067,0.6483716042354506,0,0.08725101978245614,0,51.5425711635246,51.52116571821503,0.02140544530956845,0.9995847035794614,0.016362761474203652,0.0050426838353802095
dev-thin-rack-noise,b0,0.08,49,thin-table,evaluated,0.9454959614093972,1.0,0.9454959614093972,0.0,0.054504038590602946,1.2038098338795458,1.1381973362380278,0,0.06561249764151808,0,51.5425711635246,51.52116571821503,0.02140544530956845,0.9995847035794614,0.016362761474203652,0.0050426838353802095
dev-thin-rack-noise,b0,0.08,49,thin-stool,evaluated,0.9686538613842738,1.0,0.9686538613842738,0.0,0.031346138615726146,0.5201885510022207,0.5038826485761914,0,0.01630590242602934,0,51.5425711635246,51.52116571821503,0.02140544530956845,0.9995847035794614,0.016362761474203652,0.0050426838353802095
dev-thin-rack-noise,b0,0.08,49,thin-lamp,evaluated,0.8747483537431194,1.0,0.8747483537431194,0.0,0.12525164625688048,0.4415856210821618,0.386276295078254,0,0.0553093260039078,0,51.5425711635246,51.52116571821503,0.02140544530956845,0.9995847035794614,0.016362761474203652,0.0050426838353802095
dev-thin-rack-noise,b0,0.12,7,thin-rack,evaluated,0.8813316654420308,1.0,0.8813316654420308,0.0,0.11866833455796925,0.7356726527127311,0.648371604235468,0,0.0873010484772631,0,51.5425711635246,51.52663174220867,0.015939421315927405,0.9996907523052089,0.01593942131593016,0.0
dev-thin-rack-noise,b0,0.12,7,thin-table,evaluated,0.9440319299868101,1.0,0.9440319299868101,0.0,0.05596807001318993,1.2067360282717947,1.1391973417540402,0,0.06753868651775455,0,51.5425711635246,51.52663174220867,0.015939421315927405,0.9996907523052089,0.01593942131593016,0.0
dev-thin-rack-noise,b0,0.12,7,thin-stool,evaluated,0.9680588803042571,1.0,0.9680588803042571,0.0,0.03194111969574283,0.5205082653834303,0.5038826485761947,0,0.01662561680723562,0,51.5425711635246,51.52663174220867,0.015939421315927405,0.9996907523052089,0.01593942131593016,0.0
dev-thin-rack-noise,b0,0.12,7,thin-lamp,evaluated,0.8756076579801074,1.0,0.8756076579801074,0.0,0.12439234201989258,0.4432210875632847,0.38808777844868386,0,0.05513330911460087,0,51.5425711635246,51.52663174220867,0.015939421315927405,0.9996907523052089,0.01593942131593016,0.0
dev-thin-rack-noise,b0,0.12,49,thin-rack,evaluated,0.8813916036106957,1.0,0.8813916036106957,0.0,0.11860839638930444,0.7356226240179067,0.6483716042354506,0,0.08725101978245614,0,51.5425711635246,51.526208402050415,0.01636276147418414,0.9996825388973656,0.016362761474203652,0.0
dev-thin-rack-noise,b0,0.12,49,thin-table,evaluated,0.9437933834392788,1.0,0.9437933834392788,0.0,0.05620661656072124,1.2070410343444982,1.1391973417540406,0,0.06784369259045757,0,51.5425711635246,51.526208402050415,0.01636276147418414,0.9996825388973656,0.016362761474203652,0.0
dev-thin-rack-noise,b0,0.12,49,thin-stool,evaluated,0.9686538613842738,1.0,0.9686538613842738,0.0,0.031346138615726146,0.5201885510022207,0.5038826485761914,0,0.01630590242602934,0,51.5425711635246,51.526208402050415,0.01636276147418414,0.9996825388973656,0.016362761474203652,0.0
dev-thin-rack-noise,b0,0.12,49,thin-lamp,evaluated,0.8752600649654855,1.0,0.8752600649654855,0.0,0.1247399350345145,0.44339710445258906,0.38808777844868125,0,0.0553093260039078,0,51.5425711635246,51.526208402050415,0.01636276147418414,0.9996825388973656,0.016362761474203652,0.0
dev-thin-rack-noise,b1,0.04,7,thin-rack,evaluated,0.919271569679867,1.0,0.919271569679867,0.0,0.080728430320133,0.5953491239263452,0.547287523659305,0,0.04806160026704018,0,51.5425711635246,51.26420537258639,0.27836579093821,0.994599303359255,0.01593942131593016,0.2624263696222849
dev-thin-rack-noise,b1,0.04,7,thin-table,evaluated,0.9791144665466633,1.0,0.9791144665466633,0.0,0.02088553345333666,1.145029341224828,1.121114792613625,0,0.023914548611203186,0,51.5425711635246,51.26420537258639,0.27836579093821,0.994599303359255,0.01593942131593016,0.2624263696222849
dev-thin-rack-noise,b1,0.04,7,thin-stool,evaluated,0.9774532952782152,0.9945838051571897,0.982684031381292,0.005351392366617363,0.017315968618708003,0.48508325830462107,0.4766835718263576,0.0025958708456652276,0.008399686478263446,0,51.5425711635246,51.26420537258639,0.27836579093821,0.994599303359255,0.01593942131593016,0.2624263696222849
dev-thin-rack-noise,b1,0.04,7,thin-lamp,evaluated,0.93903666236578,0.9983470246597903,0.940498926066534,0.0015571955381061054,0.05950107393346602,0.43782949449569125,0.4117781693734511,0.0006817861352799421,0.02605132512224018,0,51.5425711635246,51.26420537258639,0.27836579093821,0.994599303359255,0.01593942131593016,0.2624263696222849
dev-thin-rack-noise,b1,0.04,49,thin-rack,evaluated,0.919775167849609,1.0,0.919775167849609,0.0,0.08022483215039104,0.5962734934715875,0.5484375525421021,0,0.0478359409294854,0,51.5425711635246,51.26472439716951,0.27784676635508987,0.9946093731825371,0.016362761474203652,0.2614840048808903
dev-thin-rack-noise,b1,0.04,49,thin-table,evaluated,0.9789796331834215,1.0,0.9789796331834215,0.0,0.02102036681657847,1.1452226318197674,1.1211496320122685,0,0.0240729998074989,0,51.5425711635246,51.26472439716951,0.27784676635508987,0.9946093731825371,0.016362761474203652,0.2614840048808903
dev-thin-rack-noise,b1,0.04,49,thin-stool,evaluated,0.9775772062662926,0.9946029489819614,0.9827905796771453,0.00533295311862325,0.01720942032285465,0.48517313629477576,0.47682358786292134,0.0025874055902754475,0.008349548431854443,0,51.5425711635246,51.26472439716951,0.27784676635508987,0.9946093731825371,0.016362761474203652,0.2614840048808903
dev-thin-rack-noise,b1,0.04,49,thin-lamp,evaluated,0.9380556615158806,0.9980575496750517,0.9397713765593483,0.0018290119806911279,0.060228623440651816,0.4379942411542107,0.41161445093455973,0.0008010967145447704,0.026379790219651,0,51.5425711635246,51.26472439716951,0.27784676635508987,0.9946093731825371,0.016362761474203652,0.2614840048808903
dev-thin-rack-noise,b1,0.08,7,thin-rack,evaluated,0.9149417206135494,1.0,0.9149417206135494,0.0,0.08505827938645065,0.7356726527127297,0.6730976026813191,0,0.06257505003141065,0,51.5425711635246,51.52182770600143,0.020743457523167308,0.9995975470944716,0.01593942131593016,0.0048040362072405305
dev-thin-rack-noise,b1,0.08,7,thin-table,evaluated,0.9686172000881549,1.0,0.9686172000881549,0.0,0.03138279991184513,1.203673910516498,1.1658992530236505,0,0.03777465749284743,0,51.5425711635246,51.52182770600143,0.020743457523167308,0.9995975470944716,0.01593942131593016,0.0048040362072405305
dev-thin-rack-noise,b1,0.08,7,thin-stool,evaluated,0.978980175146019,0.9949565797480051,0.9838625300751453,0.004987184677563166,0.016137469924854785,0.5205082653834308,0.5121085789051674,0.0025958708456652276,0.008399686478263446,0,51.5425711635246,51.52182770600143,0.020743457523167308,0.9995975470944716,0.01593942131593016,0.0048040362072405305
dev-thin-rack-noise,b1,0.08,7,thin-lamp,evaluated,0.9395398645214853,0.9983615228153309,0.9409908169060857,0.0015443223213732157,0.0590091830939143,0.4414791691113394,0.4154278439890992,0.0006817861352799421,0.02605132512224018,0,51.5425711635246,51.52182770600143,0.020743457523167308,0.9995975470944716,0.01593942131593016,0.0048040362072405305
dev-thin-rack-noise,b1,0.08,49,thin-rack,evaluated,0.9150039445563843,1.0,0.9150039445563843,0.0,0.08499605544361574,0.7356226240179111,0.6730976026813067,0,0.06252502133660447,0,51.5425711635246,51.52116571821503,0.02140544530956845,0.9995847035794614,0.016362761474203652,0.0050426838353802095
dev-thin-rack-noise,b1,0.08,49,thin-table,evaluated,0.9684812944199588,1.0,0.9684812944199588,0.0,0.03151870558004131,1.2038098338795467,1.1658673061511389,0,0.037942527728407865,0,51.5425711635246,51.52116571821503,0.02140544530956845,0.9995847035794614,0.016362761474203652,0.0050426838353802095
dev-thin-rack-noise,b1,0.08,49,thin-stool,evaluated,0.9790790798922391,0.9949703095540393,0.9839489961557828,0.004973976426990597,0.01605100384421721,0.5201885510022218,0.5118390025703674,0.0025874055902754475,0.008349548431854443,0,51.5425711635246,51.52116571821503,0.02140544530956845,0.9995847035794614,0.016362761474203652,0.0050426838353802095
dev-thin-rack-noise,b1,0.08,49,thin-lamp,evaluated,0.9385585374950473,0.9980743188119232,0.9402612110534675,0.001814136775064308,0.0597387889465325,0.4415856210821662,0.4152058308625152,0.0008010967145447704,0.026379790219651,0,51.5425711635246,51.52116571821503,0.02140544530956845,0.9995847035794614,0.016362761474203652,0.0050426838353802095
dev-thin-rack-noise,b1,0.12,7,thin-rack,evaluated,0.9149417206135494,1.0,0.9149417206135494,0.0,0.08505827938645065,0.7356726527127297,0.6730976026813191,0,0.06257505003141065,0,51.5425711635246,51.52663174220867,0.015939421315927405,0.9996907523052089,0.01593942131593016,0.0
dev-thin-rack-noise,b1,0.12,7,thin-table,evaluated,0.9669615262405465,1.0,0.9669615262405465,0.0,0.03303847375945349,1.2067360282717938,1.166867311667149,0,0.03986871660464479,0,51.5425711635246,51.52663174220867,0.015939421315927405,0.9996907523052089,0.01593942131593016,0.0
dev-thin-rack-noise,b1,0.12,7,thin-stool,evaluated,0.978980175146019,0.9949565797480051,0.9838625300751453,0.004987184677563166,0.016137469924854785,0.5205082653834308,0.5121085789051674,0.0025958708456652276,0.008399686478263446,0,51.5425711635246,51.52663174220867,0.015939421315927405,0.9996907523052089,0.01593942131593016,0.0
dev-thin-rack-noise,b1,0.12,7,thin-lamp,evaluated,0.9397771160281485,0.9983683532163448,0.9412227309276648,0.0015382529270622643,0.058777269072335166,0.4432210875632842,0.41716976244104403,0.0006817861352799421,0.02605132512224018,0,51.5425711635246,51.52663174220867,0.015939421315927405,0.9996907523052089,0.01593942131593016,0.0
dev-thin-rack-noise,b1,0.12,49,thin-rack,evaluated,0.9150039445563843,1.0,0.9150039445563843,0.0,0.08499605544361574,0.7356226240179111,0.6730976026813067,0,0.06252502133660447,0,51.5425711635246,51.526208402050415,0.01636276147418414,0.9996825388973656,0.016362761474203652,0.0
dev-thin-rack-noise,b1,0.12,49,thin-table,evaluated,0.9667171856347334,1.0,0.9667171856347334,0.0,0.03328281436526653,1.207041034344499,1.1668673116671517,0,0.04017372267734727,0,51.5425711635246,51.526208402050415,0.01636276147418414,0.9996825388973656,0.016362761474203652,0.0
dev-thin-rack-noise,b1,0.12,49,thin-stool,evaluated,0.9790790798922391,0.9949703095540393,0.9839489961557828,0.004973976426990597,0.01605100384421721,0.5201885510022218,0.5118390025703674,0.0025874055902754475,0.008349548431854443,0,51.5425711635246,51.526208402050415,0.01636276147418414,0.9996825388973656,0.016362761474203652,0.0
dev-thin-rack-noise,b1,0.12,49,thin-lamp,evaluated,0.9388091017415705,0.9980826677485846,0.9405052717874223,0.001806725182686485,0.05949472821257776,0.44339710445259345,0.41701731423294247,0.0008010967145447704,0.026379790219651,0,51.5425711635246,51.526208402050415,0.01636276147418414,0.9996825388973656,0.016362761474203652,0.0
dev-thin-rack-noise,b2,0.04,7,thin-rack,evaluated,0.911825598188823,1.0,0.911825598188823,0.0,0.08817440181117699,0.595349123926344,0.5428545710553303,0,0.05249455287101366,0.011270468402922526,51.5425711635246,51.26420537258639,0.27836579093821,0.994599303359255,0.01593942131593016,0.2624263696222849
dev-thin-rack-noise,b2,0.04,7,thin-table,evaluated,0.9771296071628409,1.0,0.9771296071628409,0.0,0.022870392837159012,1.1450293412248278,1.1188420703809425,0,0.026187270843885203,0.005117230715148526,51.5425711635246,51.26420537258639,0.27836579093821,0.994599303359255,0.01593942131593016,0.2624263696222849
dev-thin-rack-noise,b2,0.04,7,thin-stool,evaluated,0.977316367421779,0.9989195716710442,0.9783505449673808,0.0010581809330894453,0.021649455032619114,0.48508325830462123,0.47458147011687896,0.0005133058548988525,0.010501788187742259,0.002102101709478813,51.5425711635246,51.26420537258639,0.27836579093821,0.994599303359255,0.01593942131593016,0.2624263696222849
dev-thin-rack-noise,b2,0.04,7,thin-lamp,evaluated,0.9331078850174767,0.9989012014908291,0.9340666347251046,0.0010274800192155158,0.06593336527489535,0.4378294944956914,0.4089619225069842,0.0004498610574175526,0.028867571988707208,0.0052188432847704285,51.5425711635246,51.26420537258639,0.27836579093821,0.994599303359255,0.01593942131593016,0.2624263696222849
dev-thin-rack-noise,b2,0.04,49,thin-rack,evaluated,0.9123971111890705,1.0,0.9123971111890705,0.0,0.08760288881092945,0.5962734934715878,0.5440382129220918,0,0.05223528054949597,0.010972735445704037,51.5425711635246,51.26472439716951,0.27784676635508987,0.9946093731825371,0.016362761474203652,0.2614840048808903
dev-thin-rack-noise,b2,0.04,49,thin-table,evaluated,0.9770559475938243,1.0,0.9770559475938243,0.0,0.022944052406175766,1.1452226318197658,1.1189465837385546,0,0.026276048081211242,0.004961888973360091,51.5425711635246,51.26472439716951,0.27784676635508987,0.9946093731825371,0.016362761474203652,0.2614840048808903
dev-thin-rack-noise,b2,0.04,49,thin-stool,evaluated,0.9777917843458326,0.9990364641068099,0.978714757519179,0.0009439363145845643,0.02128524248082096,0.4851731362947757,0.474846108443561,0.00045797254220952507,0.010327027851214697,0.0019774794193602534,51.5425711635246,51.26472439716951,0.27784676635508987,0.9946093731825371,0.016362761474203652,0.2614840048808903
dev-thin-rack-noise,b2,0.04,49,thin-lamp,evaluated,0.9322277523151075,0.9987201748186474,0.9333427398423774,0.0011960462714191444,0.06665726015762266,0.43799424115421015,0.40879874507405345,0.0005238613790355506,0.029195496080156706,0.00522908891363991,51.5425711635246,51.26472439716951,0.27784676635508987,0.9946093731825371,0.016362761474203652,0.2614840048808903
dev-thin-rack-noise,b2,0.08,7,thin-rack,evaluated,0.9087141565277157,1.0,0.9087141565277157,0.0,0.09128584347228433,0.7356726527127295,0.6685161540903551,0,0.06715649862237441,0.01283509604975732,51.5425711635246,51.52182770600143,0.020743457523167308,0.9995975470944716,0.01593942131593016,0.0048040362072405305
dev-thin-rack-noise,b2,0.08,7,thin-table,evaluated,0.9667227146100477,1.0,0.9667227146100477,0.0,0.0332772853899523,1.2036739105164984,1.163618910279801,0,0.040055000236697426,0.005124851226316499,51.5425711635246,51.52182770600143,0.020743457523167308,0.9995975470944716,0.01593942131593016,0.0048040362072405305
dev-thin-rack-noise,b2,0.08,7,thin-stool,evaluated,0.9788586602730072,0.9989945426760318,0.9798239742071988,0.0009861627356113694,0.02017602579280111,0.5205082653834305,0.5100064771956883,0.0005133058548988525,0.010501788187742259,0.002102101709478813,51.5425711635246,51.52182770600143,0.020743457523167308,0.9995975470944716,0.01593942131593016,0.0048040362072405305
dev-thin-rack-noise,b2,0.08,7,thin-lamp,evaluated,0.9336603141121336,0.9989109101115372,0.93461170082653,0.0010189859202713576,0.06538829917346996,0.44147916911133955,0.41261159712263235,0.0004498610574175526,0.028867571988707208,0.0052188432847704285,51.5425711635246,51.52182770600143,0.020743457523167308,0.9995975470944716,0.01593942131593016,0.0048040362072405305
dev-thin-rack-noise,b2,0.08,49,thin-rack,evaluated,0.9087759569423817,1.0,0.9087759569423817,0.0,0.09122404305761832,0.7356226240179129,0.6685161540903446,0,0.06710646992756826,0.012835096049757327,51.5425711635246,51.52116571821503,0.02140544530956845,0.9995847035794614,0.016362761474203652,0.0050426838353802095
dev-thin-rack-noise,b2,0.08,49,thin-table,evaluated,0.966587022850087,1.0,0.966587022850087,0.0,0.03341297714991304,1.2038098338795453,1.1635869634072875,0,0.04022287047225786,0.005137675446495839,51.5425711635246,51.52116571821503,0.02140544530956845,0.9995847035794614,0.016362761474203652,0.0050426838353802095
dev-thin-rack-noise,b2,0.08,49,thin-stool,evaluated,0.9792853694287584,0.9991025768247647,0.9801475295230584,0.0008803971969916907,0.01985247047694172,0.5201885510022216,0.509861523151007,0.00045797254220952507,0.010327027851214697,0.0019774794193602534,51.5425711635246,51.52116571821503,0.02140544530956845,0.9995847035794614,0.016362761474203652,0.0050426838353802095
dev-thin-rack-noise,b2,0.08,49,thin-lamp,evaluated,0.9327782853836428,0.9987313062857791,0.9338848579158688,0.0011863189244064537,0.0661151420841312,0.44158562108216565,0.41239012500200894,0.0005238613790355506,0.029195496080156706,0.00522908891363991,51.5425711635246,51.52116571821503,0.02140544530956845,0.9995847035794614,0.016362761474203652,0.0050426838353802095
dev-thin-rack-noise,b2,0.12,7,thin-rack,evaluated,0.9087141565277157,1.0,0.9087141565277157,0.0,0.09128584347228433,0.7356726527127295,0.6685161540903551,0,0.06715649862237441,0.01283509604975732,51.5425711635246,51.52663174220867,0.015939421315927405,0.9996907523052089,0.01593942131593016,0.0
dev-thin-rack-noise,b2,0.12,7,thin-table,evaluated,0.9650718480587194,1.0,0.9650718480587194,0.0,0.03492815194128068,1.2067360282717938,1.164586968923299,0,0.0421490593484948,0.005124851226316499,51.5425711635246,51.52663174220867,0.015939421315927405,0.9996907523052089,0.01593942131593016,0.0
dev-thin-rack-noise,b2,0.12,7,thin-stool,evaluated,0.9788586602730072,0.9989945426760318,0.9798239742071988,0.0009861627356113694,0.02017602579280111,0.5205082653834305,0.5100064771956883,0.0005133058548988525,0.010501788187742259,0.002102101709478813,51.5425711635246,51.52663174220867,0.015939421315927405,0.9996907523052089,0.01593942131593016,0.0
dev-thin-rack-noise,b2,0.12,7,thin-lamp,evaluated,0.9339207736335504,0.9989154836176354,0.9348686856317833,0.0010149811686325058,0.06513131436821677,0.4432210875632844,0.41435351557457717,0.0004498610574175526,0.028867571988707208,0.0052188432847704285,51.5425711635246,51.52663174220867,0.015939421315927405,0.9996907523052089,0.01593942131593016,0.0
dev-thin-rack-noise,b2,0.12,49,thin-rack,evaluated,0.9087759569423817,1.0,0.9087759569423817,0.0,0.09122404305761832,0.7356226240179129,0.6685161540903446,0,0.06710646992756826,0.012835096049757327,51.5425711635246,51.526208402050415,0.01636276147418414,0.9996825388973656,0.016362761474203652,0.0
dev-thin-rack-noise,b2,0.12,49,thin-table,evaluated,0.9648279849539227,1.0,0.9648279849539227,0.0,0.0351720150460772,1.2070410343444982,1.1645869689233008,0,0.04245406542119728,0.005137675446495839,51.5425711635246,51.526208402050415,0.01636276147418414,0.9996825388973656,0.016362761474203652,0.0
dev-thin-rack-noise,b2,0.12,49,thin-stool,evaluated,0.9792853694287584,0.9991025768247647,0.9801475295230584,0.0008803971969916907,0.01985247047694172,0.5201885510022216,0.509861523151007,0.00045797254220952507,0.010327027851214697,0.0019774794193602534,51.5425711635246,51.526208402050415,0.01636276147418414,0.9996825388973656,0.016362761474203652,0.0
dev-thin-rack-noise,b2,0.12,49,thin-lamp,evaluated,0.9330525932616928,0.9987368478252626,0.9341549690176693,0.0011814722599108917,0.06584503098233072,0.4433971044525929,0.4142016083724362,0.0005238613790355506,0.029195496080156706,0.00522908891363991,51.5425711635246,51.526208402050415,0.01636276147418414,0.9996825388973656,0.016362761474203652,0.0
dev-combined-study,b0,0.04,7,combined-desk,evaluated,0.8258447824852995,0.9983673493334059,0.8269616114776754,0.0013523473370079912,0.17303838852232456,2.792395926014977,2.309204234861041,0.0037762891944183178,0.48319169115393584,0,34.97057882219846,34.30246512731418,0.6681136948842834,0.980894977510061,0.041225985153377484,0.626887709730902
dev-combined-study,b0,0.04,7,combined-chair,evaluated,0.6832380963078046,1.0,0.6832380963078046,0.0,0.3167619036921955,1.0348051699342817,0.7070183143553729,0,0.3277868555789089,0,34.97057882219846,34.30246512731418,0.6681136948842834,0.980894977510061,0.041225985153377484,0.626887709730902
dev-combined-study,b0,0.04,7,combined-shelf,evaluated,0.9373702551486314,0.9999284639120465,0.9374331199744952,6.706509569551925e-05,0.06256688002550477,4.320565878713638,4.050241551737872,0.0002897591641147254,0.2703243269757658,0,34.97057882219846,34.30246512731418,0.6681136948842834,0.980894977510061,0.041225985153377484,0.626887709730902
dev-combined-study,b0,0.04,7,combined-sofa,evaluated,0.9934110778791145,0.9986286165554693,0.9947681588776417,0.0013660820064786664,0.005231841122358193,2.1329493293110344,2.1217900772980385,0.0029137836995025436,0.011159252012995797,0,34.97057882219846,34.30246512731418,0.6681136948842834,0.980894977510061,0.041225985153377484,0.626887709730902
dev-combined-study,b0,0.04,7,combined-lamp,evaluated,0.9022110546069593,0.9973771340499246,0.9043567329026662,0.0023782442974406184,0.0956432670973339,0.44369068000883716,0.40125465379215425,0.0010552048295585671,0.042436026216682916,0,34.97057882219846,34.30246512731418,0.6681136948842834,0.980894977510061,0.041225985153377484,0.626887709730902
dev-combined-study,b0,0.04,49,combined-desk,evaluated,0.8259951652965185,0.9983089706961399,0.8271524740508331,0.0014011083877218105,0.17284752594916686,2.7909106268842123,2.308508629882038,0.003910368288709406,0.4824019970021744,0,34.97057882219846,34.299323178928695,0.6712556432697667,0.9808051320316246,0.04259205381794618,0.6286635894518122
dev-combined-study,b0,0.04,49,combined-chair,evaluated,0.6828290607249038,1.0,0.6828290607249038,0.0,0.31717093927509615,1.0335671837237197,0.7057497092581516,0,0.327817474465568,0,34.97057882219846,34.299323178928695,0.6712556432697667,0.9808051320316246,0.04259205381794618,0.6286635894518122
dev-combined-study,b0,0.04,49,combined-shelf,evaluated,0.9372826524269852,0.9999266182542295,0.9373471273662584,6.878921647206463e-05,0.06265287263374159,4.322331906466277,4.051525396049688,0.00029732982517802057,0.2708065104165891,0,34.97057882219846,34.299323178928695,0.6712556432697667,0.9808051320316246,0.04259205381794618,0.6286635894518122
dev-combined-study,b0,0.04,49,combined-sofa,evaluated,0.9934890476974824,0.9986587698747913,0.9948164183375143,0.0013360697262928306,0.00518358166248567,2.1330209681918557,2.121964279815439,0.0028498647411489613,0.011056688376416733,0,34.97057882219846,34.299323178928695,0.6712556432697667,0.9808051320316246,0.04259205381794618,0.6286635894518122
dev-combined-study,b0,0.04,49,combined-lamp,evaluated,0.9020527142830147,0.9975314397333377,0.9040708553907076,0.0022372762431041725,0.09592914460929239,0.44385154245004144,0.40127324364929395,0.000993018511388621,0.042578298800747504,0,34.97057882219846,34.299323178928695,0.6712556432697667,0.9808051320316246,0.04259205381794618,0.6286635894518122
dev-combined-study,b0,0.08,7,combined-desk,evaluated,0.8117146750561508,0.9981172551823347,0.8129594251434178,0.0015334823005152378,0.18704057485658218,2.879527603499077,2.340939105225213,0.004415704613810894,0.5385884982738638,0,34.97057882219846,34.911617308739885,0.05896151345857703,0.9983139680427265,0.043997816495417175,0.014963696963156586
dev-combined-study,b0,0.08,7,combined-chair,evaluated,0.7137211417917114,1.0,0.7137211417917114,0.0,0.28627885820828863,1.174218442249856,0.838064527315452,0,0.3361539149344041,0,34.97057882219846,34.911617308739885,0.05896151345857703,0.9983139680427265,0.043997816495417175,0.014963696963156586
dev-combined-study,b0,0.08,7,combined-shelf,evaluated,0.922410268268499,0.9999308121215686,0.9224691439625313,6.382809911984291e-05,0.07753085603746865,4.5396802992781735,4.187714999538705,0.0002897591641147254,0.35196529973946866,0,34.97057882219846,34.911617308739885,0.05896151345857703,0.9983139680427265,0.043997816495417175,0.014963696963156586
dev-combined-study,b0,0.08,7,combined-sofa,evaluated,0.9913803684141291,0.9974067666423968,0.9939423192176022,0.002584225878480295,0.006057680782397856,2.2438886777858738,2.2302959164646103,0.0057987151895631875,0.013592761321263622,0,34.97057882219846,34.911617308739885,0.05896151345857703,0.9983139680427265,0.043997816495417175,0.014963696963156586
dev-combined-study,b0,0.08,7,combined-lamp,evaluated,0.9028418987860198,0.9973958264158325,0.9049751930357499,0.002362865804742288,0.09502480696425014,0.4465783996030429,0.40414237338636,0.0010552048295585671,0.042436026216682916,0,34.97057882219846,34.911617308739885,0.05896151345857703,0.9983139680427265,0.043997816495417175,0.014963696963156586
dev-combined-study,b0,0.08,49,combined-desk,evaluated,0.8116780864944716,0.9980655253092677,0.812957041941505,0.001575692960440774,0.18704295805849505,2.879587427606747,2.3409808771591285,0.004537345638653708,0.5386065504476184,0,34.97057882219846,34.91076746574259,0.05981135645587443,0.9982896663861364,0.04522541211630658,0.014585944339560848
dev-combined-study,b0,0.08,49,combined-chair,evaluated,0.713616171600357,1.0,0.713616171600357,0.0,0.2863838283996431,1.174340621088963,0.8380284581762912,0,0.3363121629126719,0,34.97057882219846,34.91076746574259,0.05981135645587443,0.9982896663861364,0.04522541211630658,0.014585944339560848
dev-combined-study,b0,0.08,49,combined-shelf,evaluated,0.922288637478094,0.9999249420424733,0.9223524922156812,6.92350908299257e-05,0.07764750778431893,4.540240546661372,4.187702183471803,0.0003143439666378116,0.3525383631895693,0,34.97057882219846,34.91076746574259,0.05981135645587443,0.9982896663861364,0.04522541211630658,0.014585944339560848
dev-combined-study,b0,0.08,49,combined-sofa,evaluated,0.9915120513618308,0.9974173942232987,0.9940641272202876,0.0025739231862602213,0.005935872779712544,2.2436137220857306,2.2302959164646126,0.005774889380288059,0.013317805621118232,0,34.97057882219846,34.91076746574259,0.05981135645587443,0.9982896663861364,0.04522541211630658,0.014585944339560848
dev-combined-study,b0,0.08,49,combined-lamp,evaluated,0.902669563101354,0.9975486202151654,0.9046763375288915,0.00222315508306569,0.09532366247110856,0.4466708233504191,0.4040925245496716,0.000993018511388621,0.042578298800747504,0,34.97057882219846,34.91076746574259,0.05981135645587443,0.9982896663861364,0.04522541211630658,0.014585944339560848
dev-combined-study,b0,0.12,7,combined-desk,evaluated,0.8112092788150076,0.9981185674079402,0.8124516087241188,0.001531454264090719,0.18754839127588113,2.883340833186854,2.3425748984226007,0.004415704613810894,0.5407659347642533,0,34.97057882219846,34.92647234924357,0.044106472954894116,0.9987387548493508,0.043997816495417175,0.00010865645946994489
dev-combined-study,b0,0.12,7,combined-chair,evaluated,0.7137211417917114,1.0,0.7137211417917114,0.0,0.28627885820828863,1.174218442249856,0.838064527315452,0,0.3361539149344041,0,34.97057882219846,34.92647234924357,0.044106472954894116,0.9987387548493508,0.043997816495417175,0.00010865645946994489
dev-combined-study,b0,0.12,7,combined-shelf,evaluated,0.9201722869207306,0.9999308121215686,0.9202308772600767,6.367322748009653e-05,0.07976912273992338,4.550722110094083,4.187714999538705,0.0002897591641147254,0.36300711055537804,0,34.97057882219846,34.92647234924357,0.044106472954894116,0.9987387548493508,0.043997816495417175,0.00010865645946994489
dev-combined-study,b0,0.12,7,combined-sofa,evaluated,0.9913362727615724,0.9973621332756138,0.9939423192176022,0.002628821851509734,0.006057680782397856,2.2438886777858738,2.2302959164646103,0.00589878358851879,0.013592761321263622,0,34.97057882219846,34.92647234924357,0.044106472954894116,0.9987387548493508,0.043997816495417175,0.00010865645946994489
dev-combined-study,b0,0.12,7,combined-lamp,evaluated,0.9028418987860198,0.9973958264158325,0.9049751930357499,0.002362865804742288,0.09502480696425014,0.4465783996030429,0.40414237338636,0.0010552048295585671,0.042436026216682916,0,34.97057882219846,34.92647234924357,0.044106472954894116,0.9987387548493508,0.043997816495417175,0.00010865645946994489
dev-combined-study,b0,0.12,49,combined-desk,evaluated,0.8111752599579711,0.9980667316072999,0.812451830708283,0.0015737298871491793,0.18754816929171708,2.8831794297769457,2.342444405982743,0.004537345638653708,0.5407350237942029,0,34.97057882219846,34.925239579505565,0.04533924269289713,0.9987035032241411,0.04522541211630658,0.00011383057658756136
dev-combined-study,b0,0.12,49,combined-chair,evaluated,0.7136239895473632,1.0,0.7136239895473632,0.0,0.2863760104526368,1.1743726801037127,0.8380605171910407,0,0.3363121629126719,0,34.97057882219846,34.925239579505565,0.04533924269289713,0.9987035032241411,0.04522541211630658,0.00011383057658756136
dev-combined-study,b0,0.12,49,combined-shelf,evaluated,0.9200904063488522,0.9999249420424733,0.9201539570492374,6.907006088397102e-05,0.07984604295076261,4.551088599239398,4.187702183471803,0.0003143439666378116,0.363386415767595,0,34.97057882219846,34.925239579505565,0.04533924269289713,0.9987035032241411,0.04522541211630658,0.00011383057658756136
dev-combined-study,b0,0.12,49,combined-sofa,evaluated,0.99145744281876,0.997362133275614,0.9940641272202876,0.002629144014610109,0.005935872779712544,2.2436137220857306,2.2302959164646126,0.005898783588518807,0.013317805621118232,0,34.97057882219846,34.925239579505565,0.04533924269289713,0.9987035032241411,0.04522541211630658,0.00011383057658756136
dev-combined-study,b0,0.12,49,combined-lamp,evaluated,0.902669563101354,0.9975486202151654,0.9046763375288915,0.00222315508306569,0.09532366247110856,0.4466708233504191,0.4040925245496716,0.000993018511388621,0.042578298800747504,0,34.97057882219846,34.925239579505565,0.04533924269289713,0.9987035032241411,0.04522541211630658,0.00011383057658756136
dev-combined-study,b1,0.04,7,combined-desk,evaluated,0.8409977355629986,0.9925911257757374,0.8463103255580189,0.006317008679534414,0.15368967444198117,2.79239592601498,2.3632335052326234,0.017639589301333167,0.4291624207823569,0.06628612632115143,34.97057882219846,34.30246512731418,0.6681136948842834,0.980894977510061,0.041225985153377484,0.626887709730902
dev-combined-study,b1,0.04,7,combined-chair,evaluated,0.7054030489507253,0.9977421516813227,0.7065308822800223,0.001598849524359929,0.2934691177199778,1.0348051699342802,0.7311218097015953,0.0016544977537546195,0.3036833602326849,0.29601533508220723,34.97057882219846,34.30246512731418,0.6681136948842834,0.980894977510061,0.041225985153377484,0.626887709730902
dev-combined-study,b1,0.04,7,combined-shelf,evaluated,0.9738832341877101,0.9957423627941633,0.9779556085933186,0.004181583851790211,0.022044391406681397,4.320565878713648,4.225321633384932,0.018066808509024774,0.095244245328716,0,34.97057882219846,34.30246512731418,0.6681136948842834,0.980894977510061,0.041225985153377484,0.626887709730902
dev-combined-study,b1,0.04,7,combined-sofa,evaluated,0.9966987028115829,0.9975429324954358,0.9991516080854781,0.0024610298648687708,0.0008483919145219078,2.132949329311035,2.1311397523459625,0.005249251999686271,0.001809576965072408,0,34.97057882219846,34.30246512731418,0.6681136948842834,0.980894977510061,0.041225985153377484,0.626887709730902
dev-combined-study,b1,0.04,7,combined-lamp,evaluated,0.9433959760389321,0.9955684096356092,0.9473743365664664,0.004217063278389616,0.0526256634335335,0.4436906800088372,0.4203411636140965,0.0018710716736289853,0.023349516394740675,0,34.97057882219846,34.30246512731418,0.6681136948842834,0.980894977510061,0.041225985153377484,0.626887709730902
dev-combined-study,b1,0.04,49,combined-desk,evaluated,0.8409494733279834,0.992561256588549,0.84628316447519,0.00634246327082998,0.15371683552481002,2.7909106268842057,2.361900677087002,0.01770124814318215,0.4290099497972039,0.06626832418979078,34.97057882219846,34.299323178928695,0.6712556432697667,0.9808051320316246,0.04259205381794618,0.6286635894518122
dev-combined-study,b1,0.04,49,combined-chair,evaluated,0.7048990453454722,0.9974886370545967,0.7061522638622058,0.0017778695048725362,0.2938477361377943,1.0335671837237241,0.7298558066401921,0.001837547577179399,0.3037113770835321,0.2959903241310282,34.97057882219846,34.299323178928695,0.6712556432697667,0.9808051320316246,0.04259205381794618,0.6286635894518122
dev-combined-study,b1,0.04,49,combined-shelf,evaluated,0.9741861401705515,0.995994124029651,0.9780181762993051,0.003933576932312661,0.021981823700694892,4.322331906466231,4.227319168522402,0.017002225081074573,0.09501273794382914,0,34.97057882219846,34.299323178928695,0.6712556432697667,0.9808051320316246,0.04259205381794618,0.6286635894518122
dev-combined-study,b1,0.04,49,combined-sofa,evaluated,0.9967450860868509,0.9976331934370469,0.9991076756055836,0.0023703046563369194,0.0008923243944165235,2.1330209681918615,2.131117621548142,0.005055909532969453,0.0019033466437195494,0,34.97057882219846,34.299323178928695,0.6712556432697667,0.9808051320316246,0.04259205381794618,0.6286635894518122
dev-combined-study,b1,0.04,49,combined-lamp,evaluated,0.9432986005344953,0.995485991462507,0.9473507664959004,0.004295740457061049,0.05264923350409959,0.4438515424500413,0.42048309895043434,0.001906671027831592,0.023368443499606997,0,34.97057882219846,34.299323178928695,0.6712556432697667,0.9808051320316246,0.04259205381794618,0.6286635894518122
dev-combined-study,b1,0.08,7,combined-desk,evaluated,0.8269979197391673,0.9923892448774092,0.8322765075792132,0.0063828308561052465,0.16772349242078677,2.879527603499073,2.39656317731815,0.018379537638620675,0.482964426180923,0.06660716634651424,34.97057882219846,34.911617308739885,0.05896151345857703,0.9983139680427265,0.043997816495417175,0.014963696963156586
dev-combined-study,b1,0.08,7,combined-chair,evaluated,0.7334409870507621,0.9979821523691829,0.7345302694045535,0.001485167004603053,0.2654697305954465,1.1742184422498552,0.8624989887255812,0.0017439104866258804,0.3117194535242739,0.30405142837379623,34.97057882219846,34.911617308739885,0.05896151345857703,0.9983139680427265,0.043997816495417175,0.014963696963156586
dev-combined-study,b1,0.08,7,combined-shelf,evaluated,0.9606702931084294,0.9958706797162,0.9645122965840746,0.003999294558400067,0.03548770341592553,4.539680299278212,4.378577471214307,0.01815551871777934,0.16110282806390525,0,34.97057882219846,34.911617308739885,0.05896151345857703,0.9983139680427265,0.043997816495417175,0.014963696963156586
dev-combined-study,b1,0.08,7,combined-sofa,evaluated,0.9944209798789472,0.9962636694972437,0.9981434759058614,0.003743380421607068,0.0018565240941386663,2.2438886777858733,2.239722844390999,0.008399728944689409,0.004165833394874428,0,34.97057882219846,34.911617308739885,0.05896151345857703,0.9983139680427265,0.043997816495417175,0.014963696963156586
dev-combined-study,b1,0.08,7,combined-lamp,evaluated,0.9437604687177571,0.9955985135915889,0.9477146310356799,0.004189794390620224,0.05228536896432011,0.44657839960304274,0.42322888320830204,0.0018710716736289853,0.023349516394740675,0,34.97057882219846,34.911617308739885,0.05896151345857703,0.9983139680427265,0.043997816495417175,0.014963696963156586
dev-combined-study,b1,0.08,49,combined-desk,evaluated,0.8268470385689454,0.9923852876891777,0.8321264766267158,0.006385023845411217,0.16787352337328426,2.87958742760674,2.3961809402729846,0.018386234390215382,0.4834064873337556,0.06660716634651473,34.97057882219846,34.91076746574259,0.05981135645587443,0.9982896663861364,0.04522541211630658,0.014585944339560848
dev-combined-study,b1,0.08,49,combined-chair,evaluated,0.7333347626337337,0.9977857940739844,0.7345301056968148,0.0016300100908734566,0.26546989430318524,1.1743406210889693,0.8625885405325437,0.0019141870624976224,0.31175208055642556,0.3040310276039217,34.97057882219846,34.91076746574259,0.05981135645587443,0.9982896663861364,0.04522541211630658,0.014585944339560848
dev-combined-study,b1,0.08,49,combined-shelf,evaluated,0.9609360510548529,0.9961132769147685,0.964552607748764,0.0037635768685553815,0.03544739225123595,4.540240546661342,4.379300859088871,0.017087544299091866,0.1609396875724705,0,34.97057882219846,34.91076746574259,0.05981135645587443,0.9982896663861364,0.04522541211630658,0.014585944339560848
dev-combined-study,b1,0.08,49,combined-sofa,evaluated,0.9944858641733106,0.9963039090540972,0.9981684533213118,0.00370300803728594,0.0018315466786882357,2.243613722085733,2.2395044388247873,0.008308119645448492,0.0041092832609454745,0,34.97057882219846,34.91076746574259,0.05981135645587443,0.9982896663861364,0.04522541211630658,0.014585944339560848
dev-combined-study,b1,0.08,49,combined-lamp,evaluated,0.9436549652084729,0.9955159208772916,0.9476830760417183,0.004268626756343525,0.052316923958281775,0.4466708233504193,0.4233023798508123,0.001906671027831592,0.023368443499606997,0,34.97057882219846,34.91076746574259,0.05981135645587443,0.9982896663861364,0.04522541211630658,0.014585944339560848
dev-combined-study,b1,0.12,7,combined-desk,evaluated,0.8267864281533621,0.9923972408513375,0.832056686910302,0.006374389536982506,0.16794331308969798,2.8833408331868497,2.39910302089464,0.018379537638620675,0.48423781229220975,0.06660716634651424,34.97057882219846,34.92647234924357,0.044106472954894116,0.9987387548493508,0.043997816495417175,0.00010865645946994489
dev-combined-study,b1,0.12,7,combined-chair,evaluated,0.7334409870507621,0.9979821523691829,0.7345302694045535,0.001485167004603053,0.2654697305954465,1.1742184422498552,0.8624989887255812,0.0017439104866258804,0.3117194535242739,0.30405142837379623,34.97057882219846,34.92647234924357,0.044106472954894116,0.9987387548493508,0.043997816495417175,0.00010865645946994489
dev-combined-study,b1,0.12,7,combined-shelf,evaluated,0.9583485982645851,0.9958706797162,0.9621720169425475,0.003989590723966186,0.03782798305745247,4.550722110094122,4.378577471214307,0.01815551871777934,0.1721446388798148,0,34.97057882219846,34.92647234924357,0.044106472954894116,0.9987387548493508,0.043997816495417175,0.00010865645946994489
dev-combined-study,b1,0.12,7,combined-sofa,evaluated,0.9943768000598604,0.9962193257972499,0.9981434759058614,0.0037879763946365064,0.0018565240941386663,2.2438886777858733,2.239722844390999,0.00849979734364501,0.004165833394874428,0,34.97057882219846,34.92647234924357,0.044106472954894116,0.9987387548493508,0.043997816495417175,0.00010865645946994489
dev-combined-study,b1,0.12,7,combined-lamp,evaluated,0.9437604687177571,0.9955985135915889,0.9477146310356799,0.004189794390620224,0.05228536896432011,0.44657839960304274,0.42322888320830204,0.0018710716736289853,0.023349516394740675,0,34.97057882219846,34.92647234924357,0.044106472954894116,0.9987387548493508,0.043997816495417175,0.00010865645946994489
dev-combined-study,b1,0.12,49,combined-desk,evaluated,0.826620672927172,0.9923925758102179,0.8318920900603791,0.006377069078783579,0.16810790993962088,2.883179429776938,2.398494161856229,0.018386234390215382,0.484685267920709,0.06660716634651473,34.97057882219846,34.925239579505565,0.04533924269289713,0.9987035032241411,0.04522541211630658,0.00011383057658756136
dev-combined-study,b1,0.12,49,combined-chair,evaluated,0.7333420304397564,0.9977858761820286,0.7345373527176297,0.0016299655934848252,0.26546264728237046,1.1743726801037186,0.8626205995472932,0.0019141870624976224,0.31175208055642556,0.3040310276039217,34.97057882219846,34.925239579505565,0.04533924269289713,0.9987035032241411,0.04522541211630658,0.00011383057658756136
dev-combined-study,b1,0.12,49,combined-shelf,evaluated,0.9586541152278583,0.9961132769147685,0.9622534836655988,0.0037546059423997466,0.037746516334401174,4.551088599239367,4.379300859088871,0.017087544299091866,0.17178774015049572,0,34.97057882219846,34.925239579505565,0.04533924269289713,0.9987035032241411,0.04522541211630658,0.00011383057658756136
dev-combined-study,b1,0.12,49,combined-sofa,evaluated,0.9944311534555078,0.9962489981228642,0.9981684533213118,0.0037582288656358275,0.0018315466786882357,2.243613722085733,2.2395044388247873,0.00843201385367924,0.0041092832609454745,0,34.97057882219846,34.925239579505565,0.04533924269289713,0.9987035032241411,0.04522541211630658,0.00011383057658756136
dev-combined-study,b1,0.12,49,combined-lamp,evaluated,0.9436549652084729,0.9955159208772916,0.9476830760417183,0.004268626756343525,0.052316923958281775,0.4466708233504193,0.4233023798508123,0.001906671027831592,0.023368443499606997,0,34.97057882219846,34.925239579505565,0.04533924269289713,0.9987035032241411,0.04522541211630658,0.00011383057658756136
dev-combined-study,b2,0.04,7,combined-desk,evaluated,0.8397214476730986,0.9928231533600818,0.8448497841563756,0.00610718768406803,0.15515021584362435,2.792395926014979,2.3591550953728975,0.01705368600840042,0.43324083064208124,0.07283231460200239,34.97057882219846,34.30246512731418,0.6681136948842834,0.980894977510061,0.041225985153377484,0.626887709730902
dev-combined-study,b2,0.04,7,combined-chair,evaluated,0.701011769468043,0.9981615460794425,0.7019180520549495,0.001292820786153317,0.2980819479450506,1.034805169934281,0.7263484291366615,0.001337817633309954,0.3084567407976196,0.30078871564714194,34.97057882219846,34.30246512731418,0.6681136948842834,0.980894977510061,0.041225985153377484,0.626887709730902
dev-combined-study,b2,0.04,7,combined-shelf,evaluated,0.9710621802048497,0.9961935087719936,0.9746786899252289,0.003724282331350079,0.025321310074771106,4.320565878713643,4.211163490400259,0.01609100716352725,0.10940238831338406,0.019398249858209475,34.97057882219846,34.30246512731418,0.6681136948842834,0.980894977510061,0.041225985153377484,0.626887709730902
dev-combined-study,b2,0.04,7,combined-sofa,evaluated,0.9970611109439174,0.9979059549377852,0.9991516080854781,0.002096658989720004,0.0008483919145219078,2.132949329311035,2.1311397523459625,0.004472067385917234,0.001809576965072408,0,34.97057882219846,34.30246512731418,0.6681136948842834,0.980894977510061,0.041225985153377484,0.626887709730902
dev-combined-study,b2,0.04,7,combined-lamp,evaluated,0.9427869323335151,0.9966396654000627,0.9457933836925803,0.00318889799588528,0.0542066163074198,0.44369068000883716,0.41963970955841995,0.001414884320273158,0.024050970450417212,0.0025643622185603635,34.97057882219846,34.30246512731418,0.6681136948842834,0.980894977510061,0.041225985153377484,0.626887709730902
dev-combined-study,b2,0.04,49,combined-desk,evaluated,0.8396856320271497,0.9927900685225381,0.8448374867894094,0.006135456611091542,0.15516251321059063,2.790910626884208,2.3578659198707093,0.017123511056682354,0.4330447070134987,0.07272327709575795,34.97057882219846,34.299323178928695,0.6712556432697667,0.9808051320316246,0.04259205381794618,0.6286635894518122
dev-combined-study,b2,0.04,49,combined-chair,evaluated,0.7005732880671675,0.9979070897462402,0.7016041635938463,0.0014714742115315405,0.29839583640615386,1.0335671837237186,0.7251550394545268,0.0015208674567347338,0.3084121442691919,0.30069109131668803,34.97057882219846,34.299323178928695,0.6712556432697667,0.9808051320316246,0.04259205381794618,0.6286635894518122
dev-combined-study,b2,0.04,49,combined-shelf,evaluated,0.9713796835009721,0.9964397947196589,0.9747627608051744,0.003482754850306577,0.025237239194825616,4.322331906466234,4.213248182263319,0.01505362241188015,0.10908372420291496,0.019320316531704844,34.97057882219846,34.299323178928695,0.6712556432697667,0.9808051320316246,0.04259205381794618,0.6286635894518122
dev-combined-study,b2,0.04,49,combined-sofa,evaluated,0.997085333597967,0.9979740476481259,0.9991076756055836,0.0020282536905031076,0.0008923243944165235,2.1330209681918615,2.131117621548142,0.004326307650655655,0.0019033466437195494,0,34.97057882219846,34.299323178928695,0.6712556432697667,0.9808051320316246,0.04259205381794618,0.6286635894518122
dev-combined-study,b2,0.04,49,combined-lamp,evaluated,0.9426306029368647,0.9964904968251054,0.9457703865972421,0.003330873886965779,0.05422961340275801,0.4438515424500413,0.4197816448947578,0.0014784135124363256,0.024069897555283576,0.0024574855414553126,34.97057882219846,34.299323178928695,0.6712556432697667,0.9808051320316246,0.04259205381794618,0.6286635894518122
dev-combined-study,b2,0.08,7,combined-desk,evaluated,0.825757508766315,0.9926176020444902,0.8308601607260808,0.006179358837910039,0.1691398392739192,2.879527603499075,2.392484767458428,0.017793634345687925,0.48704283604064735,0.0734558839967715,34.97057882219846,34.911617308739885,0.05896151345857703,0.9983139680427265,0.043997816495417175,0.014963696963156586
dev-combined-study,b2,0.08,7,combined-chair,evaluated,0.7295783314134469,0.9983387933995208,0.7304651138992557,0.0012154726197679,0.2695348861007442,1.1742184422498558,0.8577256081606476,0.0014272303661812147,0.3164928340892082,0.30882480893873054,34.97057882219846,34.911617308739885,0.05896151345857703,0.9983139680427265,0.043997816495417175,0.014963696963156586
dev-combined-study,b2,0.08,7,combined-shelf,evaluated,0.9567306029774287,0.996301703160587,0.960140453393558,0.0035640653758931794,0.03985954660644195,4.539680299278199,4.358730700810773,0.016179717372281816,0.18094959846742573,0.029712991433311346,34.97057882219846,34.911617308739885,0.05896151345857703,0.9983139680427265,0.043997816495417175,0.014963696963156586
dev-combined-study,b2,0.08,7,combined-sofa,evaluated,0.9947642376329301,0.9966082007824995,0.9981434759058614,0.00339702428484189,0.0018565240941386663,2.2438886777858733,2.239722844390999,0.00762254433092037,0.004165833394874428,0,34.97057882219846,34.911617308739885,0.05896151345857703,0.9983139680427265,0.043997816495417175,0.014963696963156586
dev-combined-study,b2,0.08,7,combined-lamp,evaluated,0.9431557220062045,0.9966625546087096,0.9461439011116619,0.0031682775555889604,0.05385609888833805,0.4465783996030427,0.4225274291526255,0.001414884320273158,0.024050970450417212,0.0025643622185603635,34.97057882219846,34.911617308739885,0.05896151345857703,0.9983139680427265,0.043997816495417175,0.014963696963156586
dev-combined-study,b2,0.08,49,combined-desk,evaluated,0.825619364785508,0.9926104430722936,0.8307253185380211,0.00618439194899403,0.16927468146197883,2.8795874276067424,2.392146183056692,0.017808497303715566,0.48744124455005033,0.07341223135334345,34.97057882219846,34.91076746574259,0.05981135645587443,0.9982896663861364,0.04522541211630658,0.014585944339560848
dev-combined-study,b2,0.08,49,combined-chair,evaluated,0.7295347883509102,0.9981413213481493,0.7305272064516986,0.0013603437651433555,0.2694727935483015,1.1743406210889695,0.8578877733468776,0.0015975069420529554,0.31645284774209204,0.3087317947895882,34.97057882219846,34.91076746574259,0.05981135645587443,0.9982896663861364,0.04522541211630658,0.014585944339560848
dev-combined-study,b2,0.08,49,combined-shelf,evaluated,0.9570094558787756,0.9965394175156521,0.9602005005256197,0.003334391972035453,0.03979949947438035,4.540240546661344,4.359541245410935,0.01513894162989744,0.1806993012504085,0.02963795781129871,34.97057882219846,34.91076746574259,0.05981135645587443,0.9982896663861364,0.04522541211630658,0.014585944339560848
dev-combined-study,b2,0.08,49,combined-sofa,evaluated,0.994829200222286,0.9966485017907153,0.9981684533213118,0.0033566094544467545,0.0018315466786882357,2.243613722085733,2.2395044388247873,0.007530935031679444,0.0041092832609454745,0,34.97057882219846,34.91076746574259,0.05981135645587443,0.9982896663861364,0.04522541211630658,0.014585944339560848
dev-combined-study,b2,0.08,49,combined-lamp,evaluated,0.9429915104919875,0.9965138280142337,0.9461126711282855,0.003309850196498037,0.053887328871714574,0.4466708233504194,0.42260092579513586,0.0014784135124363256,0.024069897555283576,0.0024574855414553126,34.97057882219846,34.91076746574259,0.05981135645587443,0.9982896663861364,0.04522541211630658,0.014585944339560848
dev-combined-study,b2,0.12,7,combined-desk,evaluated,0.8255476048553942,0.9926253730964798,0.8306422131815003,0.006171186611338372,0.16935778681849967,2.883340833186852,2.395024611034918,0.017793634345687925,0.4883162221519341,0.07368278102382624,34.97057882219846,34.92647234924357,0.044106472954894116,0.9987387548493508,0.043997816495417175,0.00010865645946994489
dev-combined-study,b2,0.12,7,combined-chair,evaluated,0.7295783314134469,0.9983387933995208,0.7304651138992557,0.0012154726197679,0.2695348861007442,1.1742184422498558,0.8577256081606476,0.0014272303661812147,0.3164928340892082,0.30882480893873054,34.97057882219846,34.92647234924357,0.044106472954894116,0.9987387548493508,0.043997816495417175,0.00010865645946994489
dev-combined-study,b2,0.12,7,combined-shelf,evaluated,0.9544174290317282,0.996301703160587,0.9578107815334467,0.0035554175756838777,0.0421892184665534,4.550722110094108,4.358730700810773,0.016179717372281816,0.19199140928333522,0.029712991433311346,34.97057882219846,34.92647234924357,0.044106472954894116,0.9987387548493508,0.043997816495417175,0.00010865645946994489
dev-combined-study,b2,0.12,7,combined-sofa,evaluated,0.9947200273089645,0.9965638264077077,0.9981434759058614,0.0034416202578713287,0.0018565240941386663,2.2438886777858733,2.239722844390999,0.007722612729875972,0.004165833394874428,0,34.97057882219846,34.92647234924357,0.044106472954894116,0.9987387548493508,0.043997816495417175,0.00010865645946994489
dev-combined-study,b2,0.12,7,combined-lamp,evaluated,0.9431557220062045,0.9966625546087096,0.9461439011116619,0.0031682775555889604,0.05385609888833805,0.4465783996030427,0.4225274291526255,0.001414884320273158,0.024050970450417212,0.0025643622185603635,34.97057882219846,34.92647234924357,0.044106472954894116,0.9987387548493508,0.043997816495417175,0.00010865645946994489
dev-combined-study,b2,0.12,49,combined-desk,evaluated,0.8253944741678215,0.9926175292183067,0.8304926776011252,0.006176687139132833,0.16950732239887475,2.883179429776941,2.394459404639937,0.017808497303715566,0.4887200251370038,0.07363912838039817,34.97057882219846,34.925239579505565,0.04533924269289713,0.9987035032241411,0.04522541211630658,0.00011383057658756136
dev-combined-study,b2,0.12,49,combined-chair,evaluated,0.7295421617080794,0.9981413906747394,0.7305345627470291,0.0013603066293332588,0.26946543725297095,1.174372680103719,0.857919832361627,0.0015975069420529554,0.31645284774209204,0.3087317947895882,34.97057882219846,34.925239579505565,0.04533924269289713,0.9987035032241411,0.04522541211630658,0.00011383057658756136
dev-combined-study,b2,0.12,49,combined-shelf,evaluated,0.954735874721875,0.9965394175156521,0.957911750199623,0.0033264440583353253,0.04208824980037683,4.551088599239369,4.359541245410935,0.01513894162989744,0.19154735382843363,0.02963795781129871,34.97057882219846,34.925239579505565,0.04533924269289713,0.9987035032241411,0.04522541211630658,0.00011383057658756136
dev-combined-study,b2,0.12,49,combined-sofa,evaluated,0.994774451722373,0.9965935528697516,0.9981684533213118,0.003411830282796642,0.0018315466786882357,2.243613722085733,2.2395044388247873,0.007654829239910192,0.0041092832609454745,0,34.97057882219846,34.925239579505565,0.04533924269289713,0.9987035032241411,0.04522541211630658,0.00011383057658756136
dev-combined-study,b2,0.12,49,combined-lamp,evaluated,0.9429915104919875,0.9965138280142337,0.9461126711282855,0.003309850196498037,0.053887328871714574,0.4466708233504194,0.42260092579513586,0.0014784135124363256,0.024069897555283576,0.0024574855414553126,34.97057882219846,34.925239579505565,0.04533924269289713,0.9987035032241411,0.04522541211630658,0.00011383057658756136
